SEASON,TEAM_ID,TEAM_NAME,GP,W,L,W_PCT,E_DEF_RATING,DEF_RATING,DEF_RATING_RANK,PACE,POSS
2003-04,1610612737,Atlanta Hawks,82,28,54,0.341,103.1,103.9,24,92.68,7680
2003-04,1610612738,Boston Celtics,82,36,46,0.439,100.2,102.2,17,94.47,7757
2003-04,1610612741,Chicago Bulls,82,23,59,0.28,100.5,102.1,16,93.23,7694
2003-04,1610612739,Cleveland Cavaliers,82,35,47,0.427,101.3,103.1,20,91.71,7577
2003-04,1610612742,Dallas Mavericks,82,52,30,0.634,104.3,105.9,26,94.62,7814
2003-04,1610612743,Denver Nuggets,82,43,39,0.524,99.9,101.4,15,94.64,7786
2003-04,1610612765,Detroit Pistons,82,54,28,0.659,92.5,93.9,2,89.34,7365
2003-04,1610612744,Golden State Warriors,82,37,45,0.451,101.2,102.6,18,90.95,7535
2003-04,1610612745,Houston Rockets,82,45,37,0.549,96.4,97.8,5,88.92,7384
2003-04,1610612754,Indiana Pacers,82,61,21,0.744,94.8,96.2,3,88.54,7311
2003-04,1610612746,Los Angeles Clippers,82,28,54,0.341,105.9,106.6,28,92.49,7624
2003-04,1610612747,Los Angeles Lakers,82,56,26,0.683,98.7,100.1,8,93.39,7729
2003-04,1610612763,Memphis Grizzlies,82,50,32,0.61,99.2,100.8,12,92.6,7670
2003-04,1610612748,Miami Heat,82,42,40,0.512,98.9,100.3,9,89.3,7361
2003-04,1610612749,Milwaukee Bucks,82,41,41,0.5,102.6,103.5,23,93.2,7682
2003-04,1610612750,Minnesota Timberwolves,82,58,24,0.707,96.6,98.5,6,90.24,7441
2003-04,1610612751,New Jersey Nets,82,47,35,0.573,95.2,96.4,4,90.97,7475
2003-04,1610612740,New Orleans Hornets,82,41,41,0.5,99.5,100.6,11,90.59,7476
2003-04,1610612752,New York Knicks,82,39,43,0.476,100.3,101.3,14,91.29,7563
2003-04,1610612753,Orlando Magic,82,21,61,0.256,107.5,108.8,29,92.14,7608
2003-04,1610612755,Philadelphia 76ers,82,33,49,0.402,99.1,100.4,10,89.26,7379
2003-04,1610612756,Phoenix Suns,82,29,53,0.354,102.2,104.2,25,93.72,7699
2003-04,1610612757,Portland Trail Blazers,82,41,41,0.5,102.2,103.5,22,87.54,7289
2003-04,1610612758,Sacramento Kings,82,55,27,0.671,102.2,103.2,21,94.25,7765
2003-04,1610612759,San Antonio Spurs,82,57,25,0.695,91.6,93.1,1,90.23,7428
2003-04,1610612760,Seattle SuperSonics,82,37,45,0.451,104.7,106.4,27,91.34,7542
2003-04,1610612761,Toronto Raptors,82,33,49,0.402,97.6,98.8,7,88.24,7348
2003-04,1610612762,Utah Jazz,82,42,40,0.512,100.4,101.3,13,88.26,7271
2003-04,1610612764,Washington Wizards,82,25,57,0.305,101.9,102.9,19,93.9,7751
2004-05,1610612737,Atlanta Hawks,82,13,69,0.159,108.4,109.0,29,93.09,7695
2004-05,1610612738,Boston Celtics,82,45,37,0.549,103.3,105.1,15,94.61,7839
2004-05,1610612766,Charlotte Bobcats,82,18,64,0.22,104.7,106.0,21,93.54,7743
2004-05,1610612741,Chicago Bulls,82,47,35,0.573,97.5,99.1,2,93.41,7707
2004-05,1610612739,Cleveland Cavaliers,82,42,40,0.512,102.5,104.7,13,90.72,7516
2004-05,1610612742,Dallas Mavericks,82,58,24,0.707,101.0,102.6,9,94.18,7749
2004-05,1610612743,Denver Nuggets,82,49,33,0.598,100.7,102.6,10,94.68,7792
2004-05,1610612765,Detroit Pistons,82,54,28,0.659,97.9,99.6,3,88.59,7364
2004-05,1610612744,Golden State Warriors,82,34,48,0.415,104.0,105.5,16,94.45,7830
2004-05,1610612745,Houston Rockets,82,51,31,0.622,98.9,100.1,4,90.18,7467
2004-05,1610612754,Indiana Pacers,82,44,38,0.537,101.9,102.7,11,88.71,7351
2004-05,1610612746,Los Angeles Clippers,82,37,45,0.451,103.4,104.5,12,90.66,7564
2004-05,1610612747,Los Angeles Lakers,82,34,48,0.415,108.0,109.6,30,92.34,7610
2004-05,1610612763,Memphis Grizzlies,82,45,37,0.549,99.9,101.5,5,89.65,7355
2004-05,1610612748,Miami Heat,82,59,23,0.72,99.8,102.2,7,91.73,7647
2004-05,1610612749,Milwaukee Bucks,82,30,52,0.366,106.7,108.1,28,92.14,7584
2004-05,1610612750,Minnesota Timberwolves,82,44,38,0.537,103.7,105.0,14,90.39,7440
2004-05,1610612751,New Jersey Nets,82,42,40,0.512,100.4,101.6,6,90.41,7501
2004-05,1610612740,New Orleans Hornets,82,18,64,0.22,105.1,105.9,20,88.97,7382
2004-05,1610612752,New York Knicks,82,33,49,0.402,106.5,107.2,25,92.12,7634
2004-05,1610612753,Orlando Magic,82,36,46,0.439,104.2,105.7,17,96.15,7891
2004-05,1610612755,Philadelphia 76ers,82,43,39,0.524,101.5,102.5,8,96.56,7985
2004-05,1610612756,Phoenix Suns,82,62,20,0.756,103.7,105.7,18,97.35,8034
2004-05,1610612757,Portland Trail Blazers,82,27,55,0.329,104.5,106.1,22,91.05,7481
2004-05,1610612758,Sacramento Kings,82,50,32,0.61,105.0,106.5,23,94.52,7819
2004-05,1610612759,San Antonio Spurs,82,59,23,0.72,95.8,97.8,1,89.96,7435
2004-05,1610612760,Seattle SuperSonics,82,52,30,0.634,106.1,108.0,27,89.24,7353
2004-05,1610612761,Toronto Raptors,82,33,49,0.402,105.9,107.2,24,94.01,7762
2004-05,1610612762,Utah Jazz,82,26,56,0.317,107.0,107.3,26,90.02,7409
2004-05,1610612764,Washington Wizards,82,45,37,0.549,104.2,105.9,19,94.8,7816
2005-06,1610612737,Atlanta Hawks,82,26,56,0.317,108.3,110.1,27,91.75,7607
2005-06,1610612738,Boston Celtics,82,33,49,0.402,104.0,105.6,20,93.27,7722
2005-06,1610612766,Charlotte Bobcats,82,26,56,0.317,104.2,105.6,21,94.57,7851
2005-06,1610612741,Chicago Bulls,82,41,41,0.5,100.2,102.7,8,93.59,7762
2005-06,1610612739,Cleveland Cavaliers,82,50,32,0.61,102.6,104.4,15,90.77,7510
2005-06,1610612742,Dallas Mavericks,82,60,22,0.732,101.9,103.2,9,89.3,7397
2005-06,1610612743,Denver Nuggets,82,44,38,0.537,102.1,104.1,13,94.9,7877
2005-06,1610612765,Detroit Pistons,82,64,18,0.78,100.2,101.7,5,87.98,7268
2005-06,1610612744,Golden State Warriors,82,34,48,0.415,103.5,104.9,17,94.43,7800
2005-06,1610612745,Houston Rockets,82,34,48,0.415,100.6,102.1,6,89.07,7358
2005-06,1610612754,Indiana Pacers,82,41,41,0.5,99.9,101.0,4,90.85,7470
2005-06,1610612746,Los Angeles Clippers,82,47,35,0.573,100.7,102.2,7,92.99,7675
2005-06,1610612747,Los Angeles Lakers,82,45,37,0.549,102.6,104.2,14,92.22,7632
2005-06,1610612763,Memphis Grizzlies,82,49,33,0.598,99.2,100.4,2,87.39,7232
2005-06,1610612748,Miami Heat,82,52,30,0.634,101.7,103.4,10,92.56,7622
2005-06,1610612749,Milwaukee Bucks,82,40,42,0.488,105.0,105.9,23,92.45,7646
2005-06,1610612750,Minnesota Timberwolves,82,33,49,0.402,101.7,103.5,12,89.58,7409
2005-06,1610612751,New Jersey Nets,82,49,33,0.598,99.8,100.9,3,91.17,7513
2005-06,1610612740,New Orleans/Oklahoma City Hornets,82,38,44,0.463,104.4,105.1,18,90.32,7442
2005-06,1610612752,New York Knicks,82,23,59,0.28,108.4,109.3,26,92.03,7633
2005-06,1610612753,Orlando Magic,82,36,46,0.439,104.7,106.6,25,89.12,7395
2005-06,1610612755,Philadelphia 76ers,82,38,44,0.463,104.8,106.5,24,93.91,7780
2005-06,1610612756,Phoenix Suns,82,54,28,0.659,102.9,104.7,16,96.92,8067
2005-06,1610612757,Portland Trail Blazers,82,21,61,0.256,109.4,110.3,28,88.88,7308
2005-06,1610612758,Sacramento Kings,82,44,38,0.537,102.3,103.5,11,93.26,7701
2005-06,1610612759,San Antonio Spurs,82,63,19,0.768,96.9,98.7,1,89.41,7382
2005-06,1610612760,Seattle SuperSonics,82,35,47,0.427,111.3,112.7,30,93.04,7689
2005-06,1610612761,Toronto Raptors,82,27,55,0.329,109.7,111.2,29,92.33,7678
2005-06,1610612762,Utah Jazz,82,41,41,0.5,104.5,105.1,19,89.4,7398
2005-06,1610612764,Washington Wizards,82,42,40,0.512,104.7,105.8,22,93.68,7742
2006-07,1610612737,Atlanta Hawks,82,30,52,0.366,105.5,107.0,23,90.98,7533
2006-07,1610612738,Boston Celtics,82,24,58,0.293,104.5,105.8,18,92.91,7680
2006-07,1610612766,Charlotte Bobcats,82,33,49,0.402,104.8,106.3,19,93.11,7758
2006-07,1610612741,Chicago Bulls,82,49,33,0.598,97.0,98.8,1,94.47,7790
2006-07,1610612739,Cleveland Cavaliers,82,50,32,0.61,98.9,100.6,4,91.59,7598
2006-07,1610612742,Dallas Mavericks,82,67,15,0.817,100.6,102.1,5,90.68,7476
2006-07,1610612743,Denver Nuggets,82,45,37,0.549,102.7,105.1,12,98.2,8093
2006-07,1610612765,Detroit Pistons,82,53,29,0.646,101.1,102.6,6,88.56,7332
2006-07,1610612744,Golden State Warriors,82,42,40,0.512,104.5,106.5,21,99.97,8228
2006-07,1610612745,Houston Rockets,82,52,30,0.634,97.5,99.7,3,91.7,7598
2006-07,1610612754,Indiana Pacers,82,35,47,0.427,103.0,104.4,9,93.43,7697
2006-07,1610612746,Los Angeles Clippers,82,40,42,0.488,102.8,104.2,8,91.92,7554
2006-07,1610612747,Los Angeles Lakers,82,42,40,0.512,106.1,107.5,25,94.58,7898
2006-07,1610612763,Memphis Grizzlies,82,22,60,0.268,109.7,110.9,30,94.77,7883
2006-07,1610612748,Miami Heat,82,44,38,0.537,102.0,104.6,11,90.61,7503
2006-07,1610612749,Milwaukee Bucks,82,28,54,0.341,109.1,110.3,29,93.33,7709
2006-07,1610612750,Minnesota Timberwolves,82,32,50,0.39,105.3,106.5,20,92.19,7689
2006-07,1610612751,New Jersey Nets,82,41,41,0.5,103.5,105.1,13,92.69,7682
2006-07,1610612740,New Orleans/Oklahoma City Hornets,82,39,43,0.476,104.0,105.4,14,91.19,7551
2006-07,1610612752,New York Knicks,82,33,49,0.402,106.3,107.4,24,91.89,7661
2006-07,1610612753,Orlando Magic,82,40,42,0.488,101.7,103.3,7,90.54,7465
2006-07,1610612755,Philadelphia 76ers,82,35,47,0.427,103.9,105.6,16,91.84,7606
2006-07,1610612756,Phoenix Suns,82,61,21,0.744,103.4,105.5,15,96.45,8002
2006-07,1610612757,Portland Trail Blazers,82,32,50,0.39,107.3,108.6,26,89.36,7431
2006-07,1610612758,Sacramento Kings,82,33,49,0.402,105.2,106.7,22,95.83,7898
2006-07,1610612759,San Antonio Spurs,82,58,24,0.707,97.4,99.4,2,90.22,7440
2006-07,1610612760,Seattle SuperSonics,82,31,51,0.378,107.5,108.9,27,92.92,7674
2006-07,1610612761,Toronto Raptors,82,47,35,0.573,103.2,104.4,10,93.86,7719
2006-07,1610612762,Utah Jazz,82,51,31,0.622,104.7,105.6,17,92.81,7661
2006-07,1610612764,Washington Wizards,82,41,41,0.5,108.0,109.1,28,95.33,7870
2007-08,1610612737,Atlanta Hawks,82,37,45,0.451,105.9,107.3,18,92.35,7634
2007-08,1610612738,Boston Celtics,82,66,16,0.805,96.2,98.1,1,91.88,7575
2007-08,1610612766,Charlotte Bobcats,82,32,50,0.39,106.8,108.2,22,92.75,7678
2007-08,1610612741,Chicago Bulls,82,33,49,0.402,104.2,106.0,14,94.04,7754
2007-08,1610612739,Cleveland Cavaliers,82,45,37,0.549,103.7,105.4,11,91.06,7540
2007-08,1610612742,Dallas Mavericks,82,51,31,0.622,103.1,104.7,8,91.38,7518
2007-08,1610612743,Denver Nuggets,82,50,32,0.61,103.2,105.5,12,100.58,8330
2007-08,1610612765,Detroit Pistons,82,59,23,0.72,100.0,101.5,4,88.54,7279
2007-08,1610612744,Golden State Warriors,82,48,34,0.585,106.6,108.5,24,99.96,8249
2007-08,1610612745,Houston Rockets,82,55,27,0.671,98.8,100.5,2,91.42,7525
2007-08,1610612754,Indiana Pacers,82,36,46,0.439,104.6,106.3,15,98.64,8111
2007-08,1610612746,Los Angeles Clippers,82,23,59,0.28,106.4,107.4,19,93.38,7698
2007-08,1610612747,Los Angeles Lakers,82,57,25,0.695,102.8,104.3,5,96.7,7974
2007-08,1610612763,Memphis Grizzlies,82,22,60,0.268,109.2,110.2,28,96.33,7945
2007-08,1610612748,Miami Heat,82,15,67,0.183,107.1,108.8,26,91.24,7538
2007-08,1610612749,Milwaukee Bucks,82,26,56,0.317,109.8,111.1,30,92.61,7654
2007-08,1610612750,Minnesota Timberwolves,82,22,60,0.268,108.9,110.0,27,92.84,7632
2007-08,1610612751,New Jersey Nets,82,34,48,0.415,106.6,107.7,20,92.96,7679
2007-08,1610612740,New Orleans Hornets,82,56,26,0.683,102.9,104.4,6,91.04,7517
2007-08,1610612752,New York Knicks,82,23,59,0.28,109.6,110.4,29,92.76,7676
2007-08,1610612753,Orlando Magic,82,52,30,0.634,102.7,104.9,10,94.02,7757
2007-08,1610612755,Philadelphia 76ers,82,40,42,0.488,103.4,104.7,7,91.56,7536
2007-08,1610612756,Phoenix Suns,82,55,27,0.671,104.9,107.0,17,97.72,8058
2007-08,1610612757,Portland Trail Blazers,82,41,41,0.5,105.5,106.8,16,89.1,7381
2007-08,1610612758,Sacramento Kings,82,38,44,0.463,107.2,108.6,25,95.81,7920
2007-08,1610612759,San Antonio Spurs,82,56,26,0.683,99.5,100.7,3,89.72,7377
2007-08,1610612760,Seattle SuperSonics,82,20,62,0.244,106.9,108.3,23,97.32,8030
2007-08,1610612761,Toronto Raptors,82,41,41,0.5,104.3,105.6,13,91.35,7543
2007-08,1610612762,Utah Jazz,82,54,28,0.659,104.0,104.9,9,94.64,7773
2007-08,1610612764,Washington Wizards,82,43,39,0.524,106.8,107.9,21,90.85,7533
2008-09,1610612737,Atlanta Hawks,82,47,35,0.573,104.6,106.7,16,90.44,7428
2008-09,1610612738,Boston Celtics,82,62,20,0.756,99.4,101.6,3,91.15,7560
2008-09,1610612766,Charlotte Bobcats,82,35,47,0.427,103.4,105.0,7,89.18,7401
2008-09,1610612741,Chicago Bulls,82,41,41,0.5,105.8,107.5,18,94.1,7816
2008-09,1610612739,Cleveland Cavaliers,82,66,16,0.805,99.4,101.6,2,89.61,7395
2008-09,1610612742,Dallas Mavericks,82,50,32,0.61,105.3,107.0,17,92.68,7651
2008-09,1610612743,Denver Nuggets,82,54,28,0.659,103.5,105.6,8,95.39,7848
2008-09,1610612765,Detroit Pistons,82,39,43,0.476,105.2,106.4,14,88.02,7302
2008-09,1610612744,Golden State Warriors,82,29,53,0.354,110.1,111.7,28,99.57,8247
2008-09,1610612745,Houston Rockets,82,53,29,0.646,101.4,102.9,4,91.23,7532
2008-09,1610612754,Indiana Pacers,82,36,46,0.439,106.5,108.2,20,97.34,8037
2008-09,1610612746,Los Angeles Clippers,82,19,63,0.232,108.8,110.1,26,93.3,7723
2008-09,1610612747,Los Angeles Lakers,82,65,17,0.793,101.9,103.5,6,95.49,7874
2008-09,1610612763,Memphis Grizzlies,82,24,58,0.293,106.8,108.2,21,91.22,7528
2008-09,1610612748,Miami Heat,82,43,39,0.524,104.7,106.5,15,90.8,7547
2008-09,1610612749,Milwaukee Bucks,82,34,48,0.415,104.9,106.3,13,93.89,7736
2008-09,1610612750,Minnesota Timberwolves,82,24,58,0.293,109.1,109.9,25,92.76,7645
2008-09,1610612751,New Jersey Nets,82,34,48,0.415,108.2,109.5,24,91.12,7530
2008-09,1610612740,New Orleans Hornets,82,49,33,0.598,104.1,105.8,10,88.74,7303
2008-09,1610612752,New York Knicks,82,32,50,0.39,108.4,109.4,23,97.82,8066
2008-09,1610612760,Oklahoma City Thunder,82,23,59,0.28,106.9,107.6,19,95.1,7841
2008-09,1610612753,Orlando Magic,82,59,23,0.72,98.9,101.3,1,92.99,7649
2008-09,1610612755,Philadelphia 76ers,82,41,41,0.5,104.7,106.1,12,91.3,7512
2008-09,1610612756,Phoenix Suns,82,46,36,0.561,108.5,110.4,27,96.99,7984
2008-09,1610612757,Portland Trail Blazers,82,54,28,0.659,104.5,106.1,11,88.02,7273
2008-09,1610612758,Sacramento Kings,82,17,65,0.207,111.9,113.4,30,95.29,7901
2008-09,1610612759,San Antonio Spurs,82,54,28,0.659,102.0,103.4,5,89.19,7395
2008-09,1610612761,Toronto Raptors,82,33,49,0.402,107.1,108.6,22,93.26,7697
2008-09,1610612762,Utah Jazz,82,48,34,0.585,104.7,105.8,9,94.47,7827
2008-09,1610612764,Washington Wizards,82,19,63,0.232,111.2,112.1,29,92.26,7576
2009-10,1610612737,Atlanta Hawks,82,53,29,0.646,104.0,106.0,14,90.77,7515
2009-10,1610612738,Boston Celtics,82,50,32,0.61,101.1,103.2,5,92.22,7609
2009-10,1610612766,Charlotte Bobcats,82,44,38,0.537,100.2,102.0,2,90.91,7519
2009-10,1610612741,Chicago Bulls,82,41,41,0.5,102.6,104.2,11,94.02,7794
2009-10,1610612739,Cleveland Cavaliers,82,61,21,0.744,101.5,103.8,8,91.77,7573
2009-10,1610612742,Dallas Mavericks,82,55,27,0.671,103.2,105.0,12,93.6,7757
2009-10,1610612743,Denver Nuggets,82,53,29,0.646,104.7,106.5,16,95.61,7876
2009-10,1610612765,Detroit Pistons,82,27,55,0.329,108.9,110.3,26,89.46,7379
2009-10,1610612744,Golden State Warriors,82,26,56,0.317,109.4,110.3,28,101.52,8338
2009-10,1610612745,Houston Rockets,82,42,40,0.512,105.5,106.8,17,94.91,7857
2009-10,1610612754,Indiana Pacers,82,32,50,0.39,104.2,106.0,13,97.77,8024
2009-10,1610612746,Los Angeles Clippers,82,29,53,0.354,107.1,109.1,25,93.44,7670
2009-10,1610612747,Los Angeles Lakers,82,57,25,0.695,101.1,102.7,3,93.73,7749
2009-10,1610612763,Memphis Grizzlies,82,40,42,0.488,107.6,109.0,22,94.29,7816
2009-10,1610612748,Miami Heat,82,47,35,0.573,100.9,103.4,6,90.3,7485
2009-10,1610612749,Milwaukee Bucks,82,46,36,0.561,100.9,101.9,1,92.6,7698
2009-10,1610612750,Minnesota Timberwolves,82,15,67,0.183,109.3,110.4,29,97.12,8002
2009-10,1610612751,New Jersey Nets,82,12,70,0.146,108.0,108.9,21,92.65,7628
2009-10,1610612740,New Orleans Hornets,82,37,45,0.451,107.3,108.9,19,93.53,7721
2009-10,1610612752,New York Knicks,82,29,53,0.354,109.1,110.3,27,95.03,7872
2009-10,1610612760,Oklahoma City Thunder,82,50,32,0.61,101.6,103.5,7,94.13,7774
2009-10,1610612753,Orlando Magic,82,59,23,0.72,100.2,102.8,4,92.54,7614
2009-10,1610612755,Philadelphia 76ers,82,27,55,0.329,107.6,108.9,20,92.72,7648
2009-10,1610612756,Phoenix Suns,82,54,28,0.659,106.9,109.1,24,96.43,7937
2009-10,1610612757,Portland Trail Blazers,82,50,32,0.61,104.0,106.1,15,88.64,7339
2009-10,1610612758,Sacramento Kings,82,25,57,0.305,107.2,109.1,23,94.78,7855
2009-10,1610612759,San Antonio Spurs,82,50,32,0.61,102.0,103.9,9,92.26,7605
2009-10,1610612761,Toronto Raptors,82,40,42,0.488,110.2,112.2,30,93.94,7746
2009-10,1610612762,Utah Jazz,82,53,29,0.646,102.9,104.0,10,94.68,7791
2009-10,1610612764,Washington Wizards,82,26,56,0.317,106.7,108.3,18,92.6,7656
2010-11,1610612737,Atlanta Hawks,82,44,38,0.537,104.6,105.8,14,90.22,7410
2010-11,1610612738,Boston Celtics,82,56,26,0.683,97.8,99.8,2,90.92,7500
2010-11,1610612766,Charlotte Bobcats,82,34,48,0.415,104.8,107.0,17,90.3,7444
2010-11,1610612741,Chicago Bulls,82,62,20,0.756,97.4,99.5,1,91.2,7542
2010-11,1610612739,Cleveland Cavaliers,82,19,63,0.232,109.1,110.9,29,93.76,7715
2010-11,1610612742,Dallas Mavericks,82,57,25,0.695,102.3,104.1,8,92.24,7581
2010-11,1610612743,Denver Nuggets,82,50,32,0.61,104.8,106.8,16,96.06,7888
2010-11,1610612765,Detroit Pistons,82,30,52,0.366,109.0,110.7,28,89.79,7428
2010-11,1610612744,Golden State Warriors,82,36,46,0.439,107.6,109.4,25,95.85,7916
2010-11,1610612745,Houston Rockets,82,43,39,0.524,106.2,107.9,18,95.14,7880
2010-11,1610612754,Indiana Pacers,82,37,45,0.451,103.4,105.0,12,95.5,7864
2010-11,1610612746,Los Angeles Clippers,82,32,50,0.39,106.3,108.0,19,93.35,7718
2010-11,1610612747,Los Angeles Lakers,82,57,25,0.695,101.3,103.3,6,91.78,7594
2010-11,1610612763,Memphis Grizzlies,82,46,36,0.561,102.5,104.5,11,92.42,7656
2010-11,1610612748,Miami Heat,82,58,24,0.707,100.7,102.9,5,91.63,7564
2010-11,1610612749,Milwaukee Bucks,82,35,47,0.427,99.9,101.5,3,90.57,7477
2010-11,1610612750,Minnesota Timberwolves,82,17,65,0.207,108.3,109.9,27,97.49,8034
2010-11,1610612751,New Jersey Nets,82,24,58,0.293,107.0,108.9,22,90.7,7563
2010-11,1610612740,New Orleans Hornets,82,46,36,0.561,102.5,104.4,9,89.4,7387
2010-11,1610612752,New York Knicks,82,42,40,0.512,106.9,109.0,23,96.47,7945
2010-11,1610612760,Oklahoma City Thunder,82,55,27,0.671,104.0,105.9,15,93.84,7824
2010-11,1610612753,Orlando Magic,82,52,30,0.634,99.1,101.8,4,91.55,7575
2010-11,1610612755,Philadelphia 76ers,82,41,41,0.5,102.5,103.8,7,92.78,7709
2010-11,1610612756,Phoenix Suns,82,40,42,0.488,107.4,109.4,26,95.18,7930
2010-11,1610612757,Portland Trail Blazers,82,48,34,0.585,104.2,105.7,13,89.13,7359
2010-11,1610612758,Sacramento Kings,82,24,58,0.293,106.3,108.4,20,95.76,7923
2010-11,1610612759,San Antonio Spurs,82,61,21,0.744,102.8,104.4,10,93.34,7691
2010-11,1610612761,Toronto Raptors,82,22,60,0.268,110.0,111.7,30,93.78,7723
2010-11,1610612762,Utah Jazz,82,39,43,0.476,107.3,108.8,21,92.03,7619
2010-11,1610612764,Washington Wizards,82,23,59,0.28,107.2,109.1,24,94.76,7871
2011-12,1610612737,Atlanta Hawks,66,40,26,0.606,98.6,100.4,6,90.88,6117
2011-12,1610612738,Boston Celtics,66,39,27,0.591,95.5,97.5,2,91.11,6055
2011-12,1610612766,Charlotte Bobcats,66,7,59,0.106,107.8,109.4,30,91.86,6080
2011-12,1610612741,Chicago Bulls,66,50,16,0.758,95.3,97.5,1,89.98,5982
2011-12,1610612739,Cleveland Cavaliers,66,21,45,0.318,106.0,107.6,27,92.34,6140
2011-12,1610612742,Dallas Mavericks,66,36,30,0.545,99.7,100.9,8,92.61,6195
2011-12,1610612743,Denver Nuggets,66,38,28,0.576,103.4,105.1,22,95.03,6346
2011-12,1610612765,Detroit Pistons,66,25,41,0.379,104.0,105.0,21,90.31,6000
2011-12,1610612744,Golden State Warriors,66,23,43,0.348,106.0,107.3,26,93.78,6212
2011-12,1610612745,Houston Rockets,66,34,32,0.515,102.1,104.0,16,92.82,6215
2011-12,1610612754,Indiana Pacers,66,42,24,0.636,100.4,102.1,10,91.68,6115
2011-12,1610612746,Los Angeles Clippers,66,40,26,0.606,102.9,104.8,18,89.98,5989
2011-12,1610612747,Los Angeles Lakers,66,41,25,0.621,101.7,103.2,12,91.72,6145
2011-12,1610612763,Memphis Grizzlies,66,41,25,0.621,98.9,100.6,7,91.82,6099
2011-12,1610612748,Miami Heat,66,46,20,0.697,97.1,99.2,4,92.07,6154
2011-12,1610612749,Milwaukee Bucks,66,31,35,0.47,102.4,104.1,17,94.68,6256
2011-12,1610612750,Minnesota Timberwolves,66,26,40,0.394,103.6,105.3,24,94.44,6268
2011-12,1610612751,New Jersey Nets,66,22,44,0.333,106.9,108.1,28,91.26,6036
2011-12,1610612740,New Orleans Hornets,66,21,45,0.318,102.3,103.9,15,89.27,5924
2011-12,1610612752,New York Knicks,66,36,30,0.545,98.4,100.2,5,93.91,6242
2011-12,1610612760,Oklahoma City Thunder,66,47,19,0.712,100.0,102.1,9,94.11,6273
2011-12,1610612753,Orlando Magic,66,37,29,0.561,101.7,103.4,13,89.75,5978
2011-12,1610612755,Philadelphia 76ers,66,35,31,0.53,96.6,98.2,3,90.68,6016
2011-12,1610612756,Phoenix Suns,66,33,33,0.5,103.8,105.2,23,93.61,6173
2011-12,1610612757,Portland Trail Blazers,66,28,38,0.424,103.7,105.3,25,92.24,6143
2011-12,1610612758,Sacramento Kings,66,22,44,0.333,106.8,108.7,29,95.56,6333
2011-12,1610612759,San Antonio Spurs,66,50,16,0.758,100.6,102.3,11,93.67,6220
2011-12,1610612761,Toronto Raptors,66,23,43,0.348,101.5,103.6,14,90.19,6008
2011-12,1610612762,Utah Jazz,66,36,30,0.545,103.6,104.9,20,92.53,6236
2011-12,1610612764,Washington Wizards,66,20,46,0.303,103.8,104.9,19,93.59,6182
2012-13,1610612737,Atlanta Hawks,82,44,38,0.537,101.8,103.4,10,93.56,7744
2012-13,1610612738,Boston Celtics,81,41,40,0.506,100.4,102.6,7,92.46,7652
2012-13,1610612751,Brooklyn Nets,82,49,33,0.598,103.6,104.8,16,89.88,7433
2012-13,1610612766,Charlotte Bobcats,82,21,61,0.256,108.9,110.3,30,92.49,7632
2012-13,1610612741,Chicago Bulls,82,45,37,0.549,100.3,101.9,6,90.35,7460
2012-13,1610612739,Cleveland Cavaliers,82,24,58,0.293,106.9,108.2,26,93.25,7666
2012-13,1610612742,Dallas Mavericks,82,41,41,0.5,104.0,105.4,18,95.09,7917
2012-13,1610612743,Denver Nuggets,82,57,25,0.695,102.0,104.2,13,95.92,7960
2012-13,1610612765,Detroit Pistons,82,29,53,0.354,105.6,107.2,24,91.68,7571
2012-13,1610612744,Golden State Warriors,82,47,35,0.573,102.6,104.2,12,95.64,7893
2012-13,1610612745,Houston Rockets,82,45,37,0.549,103.5,105.3,17,96.89,7988
2012-13,1610612754,Indiana Pacers,81,49,32,0.605,96.6,99.0,1,90.9,7420
2012-13,1610612746,Los Angeles Clippers,82,56,26,0.683,101.0,102.8,8,91.83,7552
2012-13,1610612747,Los Angeles Lakers,82,45,37,0.549,103.6,105.9,21,95.08,7830
2012-13,1610612763,Memphis Grizzlies,82,56,26,0.683,97.4,99.1,2,89.56,7394
2012-13,1610612748,Miami Heat,82,66,16,0.805,100.5,103.2,9,91.26,7572
2012-13,1610612749,Milwaukee Bucks,82,38,44,0.463,102.3,104.2,14,95.65,7909
2012-13,1610612750,Minnesota Timberwolves,82,31,51,0.378,102.9,104.0,11,93.94,7712
2012-13,1610612740,New Orleans Hornets,82,27,55,0.329,107.6,108.9,28,89.5,7379
2012-13,1610612752,New York Knicks,82,54,28,0.659,103.5,105.4,19,90.68,7462
2012-13,1610612760,Oklahoma City Thunder,82,60,22,0.732,99.2,101.2,4,94.58,7808
2012-13,1610612753,Orlando Magic,82,20,62,0.244,106.7,108.4,27,92.81,7646
2012-13,1610612755,Philadelphia 76ers,82,34,48,0.415,103.0,104.7,15,91.88,7566
2012-13,1610612756,Phoenix Suns,82,25,57,0.305,105.7,106.9,23,94.48,7793
2012-13,1610612757,Portland Trail Blazers,82,33,49,0.402,106.9,107.9,25,92.46,7649
2012-13,1610612758,Sacramento Kings,82,28,54,0.341,108.6,110.0,29,94.65,7804
2012-13,1610612759,San Antonio Spurs,82,58,24,0.707,99.2,100.3,3,95.31,7892
2012-13,1610612761,Toronto Raptors,82,34,48,0.415,104.7,106.4,22,91.26,7591
2012-13,1610612762,Utah Jazz,82,43,39,0.524,104.3,105.6,20,92.05,7629
2012-13,1610612764,Washington Wizards,82,29,53,0.354,100.6,101.6,5,93.23,7699
2013-14,1610612737,Atlanta Hawks,82,38,44,0.463,104.1,105.7,15,95.41,7892
2013-14,1610612738,Boston Celtics,82,25,57,0.305,105.2,106.5,17,94.28,7745
2013-14,1610612751,Brooklyn Nets,82,44,38,0.537,104.9,106.7,19,92.42,7663
2013-14,1610612766,Charlotte Bobcats,82,43,39,0.524,101.2,103.3,6,92.93,7712
2013-14,1610612741,Chicago Bulls,82,48,34,0.585,97.8,99.9,2,90.84,7549
2013-14,1610612739,Cleveland Cavaliers,82,33,49,0.402,104.8,107.0,20,93.69,7784
2013-14,1610612742,Dallas Mavericks,82,49,33,0.598,105.9,107.2,21,94.94,7852
2013-14,1610612743,Denver Nuggets,82,36,46,0.439,105.4,107.3,22,98.95,8146
2013-14,1610612765,Detroit Pistons,82,29,53,0.354,107.3,109.0,25,95.57,7874
2013-14,1610612744,Golden State Warriors,82,51,31,0.622,99.9,101.4,3,97.37,8045
2013-14,1610612745,Houston Rockets,82,54,28,0.659,103.1,105.2,13,97.27,8040
2013-14,1610612754,Indiana Pacers,82,56,26,0.683,96.7,98.9,1,92.89,7656
2013-14,1610612746,Los Angeles Clippers,82,57,25,0.695,102.1,104.0,9,96.66,7954
2013-14,1610612747,Los Angeles Lakers,82,27,55,0.329,107.9,109.3,28,99.72,8177
2013-14,1610612763,Memphis Grizzlies,82,50,32,0.61,102.1,103.8,8,90.58,7476
2013-14,1610612748,Miami Heat,82,54,28,0.659,102.9,105.0,11,91.9,7615
2013-14,1610612749,Milwaukee Bucks,82,15,67,0.183,108.9,110.2,30,92.96,7685
2013-14,1610612750,Minnesota Timberwolves,82,40,42,0.488,104.1,105.2,12,98.33,8139
2013-14,1610612740,New Orleans Pelicans,82,34,48,0.415,107.3,109.1,27,93.07,7703
2013-14,1610612752,New York Knicks,82,37,45,0.451,106.5,108.1,24,91.24,7556
2013-14,1610612760,Oklahoma City Thunder,82,59,23,0.72,101.0,103.0,5,96.33,7954
2013-14,1610612753,Orlando Magic,82,23,59,0.28,104.8,106.6,18,94.27,7837
2013-14,1610612755,Philadelphia 76ers,82,19,63,0.232,107.5,109.0,26,99.74,8236
2013-14,1610612756,Phoenix Suns,82,48,34,0.585,103.8,105.6,14,96.83,7973
2013-14,1610612757,Portland Trail Blazers,82,54,28,0.659,104.7,106.2,16,95.9,7930
2013-14,1610612758,Sacramento Kings,82,28,54,0.341,106.3,107.8,23,95.04,7840
2013-14,1610612759,San Antonio Spurs,82,62,20,0.756,100.1,101.4,4,95.87,7887
2013-14,1610612761,Toronto Raptors,82,48,34,0.585,102.4,104.6,10,92.48,7696
2013-14,1610612762,Utah Jazz,82,25,57,0.305,109.1,110.1,29,92.32,7605
2013-14,1610612764,Washington Wizards,82,44,38,0.537,102.4,103.6,7,94.18,7872
2014-15,1610612737,Atlanta Hawks,82,60,22,0.732,100.7,102.3,5,94.66,7775
2014-15,1610612738,Boston Celtics,82,40,42,0.488,102.1,103.5,12,96.71,8007
2014-15,1610612751,Brooklyn Nets,82,38,44,0.463,105.0,106.3,23,93.69,7777
2014-15,1610612766,Charlotte Hornets,82,33,49,0.402,101.0,103.0,10,93.45,7753
2014-15,1610612741,Chicago Bulls,82,50,32,0.61,101.5,103.3,11,93.8,7775
2014-15,1610612739,Cleveland Cavaliers,82,53,29,0.646,104.1,105.3,18,93.23,7682
2014-15,1610612742,Dallas Mavericks,82,50,32,0.61,103.7,104.9,17,96.4,7976
2014-15,1610612743,Denver Nuggets,82,30,52,0.366,105.5,107.1,26,96.87,8011
2014-15,1610612765,Detroit Pistons,82,32,50,0.39,104.2,105.4,20,93.68,7741
2014-15,1610612744,Golden State Warriors,82,67,15,0.817,98.2,100.4,1,99.28,8170
2014-15,1610612745,Houston Rockets,82,56,26,0.683,100.5,102.6,7,97.36,8037
2014-15,1610612754,Indiana Pacers,82,38,44,0.463,100.9,102.7,8,93.67,7753
2014-15,1610612746,Los Angeles Clippers,82,56,26,0.683,103.0,104.7,16,95.4,7844
2014-15,1610612747,Los Angeles Lakers,82,21,61,0.256,108.0,109.4,29,95.03,7892
2014-15,1610612763,Memphis Grizzlies,82,55,27,0.671,99.9,101.2,2,92.82,7696
2014-15,1610612748,Miami Heat,82,37,45,0.451,103.8,106.1,21,91.49,7526
2014-15,1610612749,Milwaukee Bucks,82,41,41,0.5,99.3,101.4,4,94.82,7867
2014-15,1610612750,Minnesota Timberwolves,82,16,66,0.195,109.6,110.9,30,95.45,7873
2014-15,1610612740,New Orleans Pelicans,82,45,37,0.549,104.7,106.3,22,92.29,7608
2014-15,1610612752,New York Knicks,82,17,65,0.207,107.2,109.0,28,92.06,7618
2014-15,1610612760,Oklahoma City Thunder,82,45,37,0.549,103.1,104.6,15,96.61,7988
2014-15,1610612753,Orlando Magic,82,25,57,0.305,105.2,106.8,24,94.51,7773
2014-15,1610612755,Philadelphia 76ers,82,18,64,0.22,102.1,103.9,13,96.45,7950
2014-15,1610612756,Phoenix Suns,82,39,43,0.476,103.4,105.3,19,97.2,8058
2014-15,1610612757,Portland Trail Blazers,82,51,31,0.622,101.4,102.8,9,95.06,7868
2014-15,1610612758,Sacramento Kings,82,29,53,0.354,106.5,108.2,27,96.16,7952
2014-15,1610612759,San Antonio Spurs,82,55,27,0.671,99.6,101.4,3,94.45,7860
2014-15,1610612761,Toronto Raptors,82,49,33,0.598,104.8,107.1,25,93.46,7736
2014-15,1610612762,Utah Jazz,82,38,44,0.463,102.1,104.1,14,91.1,7486
2014-15,1610612764,Washington Wizards,82,46,36,0.561,100.0,102.4,6,94.29,7844
2015-16,1610612737,Atlanta Hawks,82,48,34,0.585,98.8,100.8,2,97.63,8059
2015-16,1610612738,Boston Celtics,82,48,34,0.585,100.9,102.5,4,99.43,8191
2015-16,1610612751,Brooklyn Nets,82,21,61,0.256,108.5,109.7,29,96.12,7903
2015-16,1610612766,Charlotte Hornets,82,48,34,0.585,101.8,103.7,9,96.24,7966
2015-16,1610612741,Chicago Bulls,82,42,40,0.512,103.9,105.5,15,96.6,8008
2015-16,1610612739,Cleveland Cavaliers,82,57,25,0.695,102.3,103.9,10,93.82,7764
2015-16,1610612742,Dallas Mavericks,82,42,40,0.512,104.3,105.9,16,95.34,7950
2015-16,1610612743,Denver Nuggets,82,33,49,0.402,106.4,108.2,25,96.34,7963
2015-16,1610612765,Detroit Pistons,82,44,38,0.537,103.4,104.9,13,95.75,7942
2015-16,1610612744,Golden State Warriors,82,73,9,0.89,100.9,102.8,6,100.24,8303
2015-16,1610612745,Houston Rockets,82,41,41,0.5,105.6,107.3,21,98.42,8139
2015-16,1610612754,Indiana Pacers,82,45,37,0.549,100.2,102.2,3,97.35,8068
2015-16,1610612746,LA Clippers,82,53,29,0.646,100.9,102.7,5,96.81,7995
2015-16,1610612747,Los Angeles Lakers,82,17,65,0.207,109.3,110.3,30,96.55,7930
2015-16,1610612763,Memphis Grizzlies,82,42,40,0.512,105.4,107.1,20,93.95,7763
2015-16,1610612748,Miami Heat,82,48,34,0.585,101.5,103.7,8,94.14,7779
2015-16,1610612749,Milwaukee Bucks,82,33,49,0.402,105.7,107.8,23,95.05,7858
2015-16,1610612750,Minnesota Timberwolves,82,29,53,0.354,107.1,109.0,28,96.2,7965
2015-16,1610612740,New Orleans Pelicans,82,30,52,0.366,107.3,108.4,26,97.64,8041
2015-16,1610612752,New York Knicks,82,32,50,0.39,104.8,106.7,18,94.12,7763
2015-16,1610612760,Oklahoma City Thunder,82,55,27,0.671,103.0,104.8,11,97.54,8061
2015-16,1610612753,Orlando Magic,82,35,47,0.427,104.6,106.0,17,96.68,8018
2015-16,1610612755,Philadelphia 76ers,82,10,72,0.122,106.7,108.6,27,98.44,8119
2015-16,1610612756,Phoenix Suns,82,23,59,0.28,107.0,107.9,24,99.39,8152
2015-16,1610612757,Portland Trail Blazers,82,44,38,0.537,105.6,106.8,19,97.06,8012
2015-16,1610612758,Sacramento Kings,82,33,49,0.402,106.3,107.6,22,100.66,8302
2015-16,1610612759,San Antonio Spurs,82,67,15,0.817,96.6,98.2,1,94.54,7767
2015-16,1610612761,Toronto Raptors,82,56,26,0.683,102.7,104.8,12,93.35,7707
2015-16,1610612762,Utah Jazz,82,40,42,0.488,101.6,103.2,7,91.66,7625
2015-16,1610612764,Washington Wizards,82,41,41,0.5,103.6,105.1,14,99.16,8163
2016-17,1610612737,Atlanta Hawks,82,43,39,0.524,103.1,105.2,4,97.76,8091
2016-17,1610612738,Boston Celtics,82,53,29,0.646,105.5,108.0,14,97.21,8005
2016-17,1610612751,Brooklyn Nets,82,20,62,0.244,108.0,110.1,23,101.75,8371
2016-17,1610612766,Charlotte Hornets,82,36,46,0.439,106.1,108.4,17,95.92,7934
2016-17,1610612741,Chicago Bulls,82,41,41,0.5,104.5,106.2,5,96.02,7919
2016-17,1610612739,Cleveland Cavaliers,82,51,31,0.622,108.0,109.7,21,96.74,8019
2016-17,1610612742,Dallas Mavericks,82,33,49,0.402,106.3,107.7,13,93.11,7668
2016-17,1610612743,Denver Nuggets,82,40,42,0.488,110.5,111.7,29,99.18,8167
2016-17,1610612765,Detroit Pistons,82,37,45,0.451,105.3,106.7,8,95.52,7890
2016-17,1610612744,Golden State Warriors,82,67,15,0.817,101.1,103.4,2,100.37,8279
2016-17,1610612745,Houston Rockets,82,55,27,0.671,106.4,108.4,18,100.55,8289
2016-17,1610612754,Indiana Pacers,82,42,40,0.512,106.3,108.1,15,96.59,7989
2016-17,1610612746,LA Clippers,82,51,31,0.622,105.8,107.5,12,96.77,7968
2016-17,1610612747,Los Angeles Lakers,82,26,56,0.317,110.6,112.0,30,99.26,8143
2016-17,1610612763,Memphis Grizzlies,82,43,39,0.524,104.5,106.5,7,92.84,7702
2016-17,1610612748,Miami Heat,82,41,41,0.5,104.1,106.4,6,95.51,7875
2016-17,1610612749,Milwaukee Bucks,82,42,40,0.512,106.4,108.7,19,94.99,7828
2016-17,1610612750,Minnesota Timberwolves,82,31,51,0.378,109.1,110.9,27,95.48,7870
2016-17,1610612740,New Orleans Pelicans,82,34,48,0.415,104.9,106.8,9,98.56,8173
2016-17,1610612752,New York Knicks,82,31,51,0.378,108.7,110.7,25,96.63,7990
2016-17,1610612760,Oklahoma City Thunder,82,47,35,0.573,105.1,107.1,10,98.18,8099
2016-17,1610612753,Orlando Magic,82,29,53,0.354,108.0,110.3,24,96.9,7989
2016-17,1610612755,Philadelphia 76ers,82,28,54,0.341,106.4,108.2,16,99.07,8179
2016-17,1610612756,Phoenix Suns,82,24,58,0.293,109.3,111.3,28,100.85,8320
2016-17,1610612757,Portland Trail Blazers,82,41,41,0.5,107.8,110.0,22,97.38,8088
2016-17,1610612758,Sacramento Kings,82,32,50,0.39,109.1,110.8,26,95.42,7911
2016-17,1610612759,San Antonio Spurs,82,61,21,0.744,100.9,102.9,1,94.86,7832
2016-17,1610612761,Toronto Raptors,82,51,31,0.622,104.9,107.1,11,95.41,7867
2016-17,1610612762,Utah Jazz,82,51,31,0.622,102.7,104.7,3,92.09,7579
2016-17,1610612764,Washington Wizards,82,49,33,0.598,106.9,108.8,20,97.94,8109
2017-18,1610612737,Atlanta Hawks,82,24,58,0.293,108.2,110.1,24,98.76,8114
2017-18,1610612738,Boston Celtics,82,55,27,0.671,101.5,103.2,2,96.75,7987
2017-18,1610612751,Brooklyn Nets,82,28,54,0.341,108.5,109.7,21,99.66,8238
2017-18,1610612766,Charlotte Hornets,82,36,46,0.439,107.0,109.0,17,98.66,8143
2017-18,1610612741,Chicago Bulls,82,27,55,0.329,109.1,110.5,28,98.65,8160
2017-18,1610612739,Cleveland Cavaliers,82,50,32,0.61,109.5,111.1,29,98.72,8114
2017-18,1610612742,Dallas Mavericks,82,24,58,0.293,107.4,108.4,16,96.53,7959
2017-18,1610612743,Denver Nuggets,82,46,36,0.561,108.8,110.0,23,97.69,8095
2017-18,1610612765,Detroit Pistons,82,39,43,0.476,104.8,106.7,10,96.75,7981
2017-18,1610612744,Golden State Warriors,82,58,24,0.707,104.2,106.8,11,100.35,8251
2017-18,1610612745,Houston Rockets,82,65,17,0.793,103.8,105.7,7,98.02,8078
2017-18,1610612754,Indiana Pacers,82,48,34,0.585,105.6,107.3,12,96.84,7977
2017-18,1610612746,LA Clippers,82,42,40,0.512,107.7,109.2,19,99.54,8167
2017-18,1610612747,Los Angeles Lakers,82,35,47,0.427,105.6,107.3,13,100.9,8361
2017-18,1610612763,Memphis Grizzlies,82,22,60,0.268,108.4,110.4,26,95.65,7865
2017-18,1610612748,Miami Heat,82,44,38,0.537,104.0,105.8,8,96.1,7985
2017-18,1610612749,Milwaukee Bucks,82,44,38,0.537,107.1,109.1,18,97.03,8013
2017-18,1610612750,Minnesota Timberwolves,82,47,35,0.573,108.4,110.2,25,96.75,7985
2017-18,1610612740,New Orleans Pelicans,82,48,34,0.585,105.6,107.4,14,101.48,8443
2017-18,1610612752,New York Knicks,82,29,53,0.354,108.4,109.7,22,97.64,8059
2017-18,1610612760,Oklahoma City Thunder,82,48,34,0.585,104.7,106.4,9,97.34,8036
2017-18,1610612753,Orlando Magic,82,25,57,0.305,107.7,109.4,20,98.58,8096
2017-18,1610612755,Philadelphia 76ers,82,52,30,0.634,102.0,103.9,3,100.75,8299
2017-18,1610612756,Phoenix Suns,82,21,61,0.256,110.6,111.7,30,101.14,8293
2017-18,1610612757,Portland Trail Blazers,82,49,33,0.598,104.2,105.7,6,97.11,7992
2017-18,1610612758,Sacramento Kings,82,27,55,0.329,109.0,110.4,27,95.5,7860
2017-18,1610612759,San Antonio Spurs,82,47,35,0.573,102.4,104.1,4,95.7,7867
2017-18,1610612761,Toronto Raptors,82,59,23,0.72,103.4,105.3,5,98.02,8104
2017-18,1610612762,Utah Jazz,82,48,34,0.585,101.6,103.0,1,96.58,7951
2017-18,1610612764,Washington Wizards,82,43,39,0.524,106.2,107.7,15,97.67,8087
2018-19,1610612737,Atlanta Hawks,82,29,53,0.354,111.2,113.1,28,104.56,8642
2018-19,1610612738,Boston Celtics,82,49,33,0.598,104.9,107.0,6,100.43,8282
2018-19,1610612751,Brooklyn Nets,82,42,40,0.512,107.0,109.0,15,101.52,8452
2018-19,1610612766,Charlotte Hornets,82,39,43,0.476,110.2,112.0,23,99.18,8202
2018-19,1610612741,Chicago Bulls,82,22,60,0.268,110.9,112.8,25,99.3,8232
2018-19,1610612739,Cleveland Cavaliers,82,19,63,0.232,115.1,116.8,30,97.37,8021
2018-19,1610612742,Dallas Mavericks,82,33,49,0.402,108.3,110.1,18,99.6,8216
2018-19,1610612743,Denver Nuggets,82,54,28,0.659,106.8,108.1,10,98.49,8096
2018-19,1610612765,Detroit Pistons,82,41,41,0.5,106.9,108.7,12,97.88,8101
2018-19,1610612744,Golden State Warriors,82,57,25,0.695,106.5,108.6,11,101.74,8390
2018-19,1610612745,Houston Rockets,82,53,29,0.646,107.9,110.1,17,98.39,8130
2018-19,1610612754,Indiana Pacers,82,48,34,0.585,104.2,106.0,3,98.64,8097
2018-19,1610612746,LA Clippers,82,48,34,0.585,109.0,110.4,19,102.66,8475
2018-19,1610612747,Los Angeles Lakers,82,37,45,0.451,107.3,108.9,13,103.6,8534
2018-19,1610612763,Memphis Grizzlies,82,33,49,0.402,106.2,108.0,9,97.15,8038
2018-19,1610612748,Miami Heat,82,39,43,0.476,105.1,107.1,7,98.73,8122
2018-19,1610612749,Milwaukee Bucks,82,60,22,0.732,103.0,104.9,1,103.57,8533
2018-19,1610612750,Minnesota Timberwolves,82,36,46,0.439,110.2,112.2,24,100.88,8341
2018-19,1610612740,New Orleans Pelicans,82,33,49,0.402,110.4,112.0,22,103.89,8553
2018-19,1610612752,New York Knicks,82,17,65,0.207,110.9,112.9,26,100.16,8244
2018-19,1610612760,Oklahoma City Thunder,82,49,33,0.598,104.7,106.5,4,103.38,8549
2018-19,1610612753,Orlando Magic,82,42,40,0.512,105.8,107.6,8,98.65,8133
2018-19,1610612755,Philadelphia 76ers,82,51,31,0.622,107.1,109.0,14,102.59,8467
2018-19,1610612756,Phoenix Suns,82,19,63,0.232,112.2,114.2,29,101.15,8371
2018-19,1610612757,Portland Trail Blazers,82,53,29,0.646,108.1,109.5,16,99.96,8269
2018-19,1610612758,Sacramento Kings,82,39,43,0.476,108.7,110.8,21,103.88,8545
2018-19,1610612759,San Antonio Spurs,82,48,34,0.585,108.3,110.6,20,98.88,8162
2018-19,1610612761,Toronto Raptors,82,58,24,0.707,104.3,106.8,5,100.51,8334
2018-19,1610612762,Utah Jazz,82,50,32,0.61,103.2,105.3,2,100.84,8308
2018-19,1610612764,Washington Wizards,82,32,50,0.39,111.3,112.9,27,102.23,8486
2019-20,1610612737,Atlanta Hawks,67,20,47,0.299,112.3,114.4,28,103.28,6999
2019-20,1610612738,Boston Celtics,72,48,24,0.667,104.5,106.5,4,99.92,7255
2019-20,1610612751,Brooklyn Nets,72,35,37,0.486,107.1,109.2,10,101.7,7404
2019-20,1610612766,Charlotte Hornets,65,23,42,0.354,110.6,112.8,25,96.24,6317
2019-20,1610612741,Chicago Bulls,65,22,43,0.338,107.7,108.9,9,100.46,6563
2019-20,1610612739,Cleveland Cavaliers,65,19,46,0.292,113.6,114.8,30,99.17,6497
2019-20,1610612742,Dallas Mavericks,75,43,32,0.573,109.5,111.2,18,99.89,7569
2019-20,1610612743,Denver Nuggets,73,46,27,0.63,108.6,110.4,16,97.64,7217
2019-20,1610612765,Detroit Pistons,66,20,46,0.303,110.4,112.3,22,97.86,6507
2019-20,1610612744,Golden State Warriors,65,15,50,0.231,110.9,113.0,26,101.04,6623
2019-20,1610612745,Houston Rockets,72,44,28,0.611,107.4,109.8,15,104.04,7539
2019-20,1610612754,Indiana Pacers,73,45,28,0.616,105.1,107.5,6,99.41,7299
2019-20,1610612746,LA Clippers,72,49,23,0.681,105.3,106.9,5,102.16,7396
2019-20,1610612747,Los Angeles Lakers,71,52,19,0.732,103.8,106.1,3,101.2,7211
2019-20,1610612763,Memphis Grizzlies,73,34,39,0.466,107.5,109.7,14,103.31,7562
2019-20,1610612748,Miami Heat,73,44,29,0.603,107.2,109.3,12,98.7,7306
2019-20,1610612749,Milwaukee Bucks,73,56,17,0.767,100.6,102.5,1,105.51,7739
2019-20,1610612750,Minnesota Timberwolves,64,19,45,0.297,110.0,111.6,20,103.94,6736
2019-20,1610612740,New Orleans Pelicans,72,30,42,0.417,109.4,111.8,21,103.89,7548
2019-20,1610612752,New York Knicks,66,21,45,0.318,110.6,112.4,23,99.11,6594
2019-20,1610612760,Oklahoma City Thunder,72,44,28,0.611,106.3,108.1,7,99.42,7218
2019-20,1610612753,Orlando Magic,73,33,40,0.452,107.1,109.2,11,98.99,7255
2019-20,1610612755,Philadelphia 76ers,73,43,30,0.589,106.3,108.4,8,99.59,7304
2019-20,1610612756,Phoenix Suns,73,34,39,0.466,108.4,110.8,17,101.74,7449
2019-20,1610612757,Portland Trail Blazers,74,35,39,0.473,111.8,114.3,27,101.17,7519
2019-20,1610612758,Sacramento Kings,72,31,41,0.431,109.6,111.4,19,99.6,7239
2019-20,1610612759,San Antonio Spurs,71,32,39,0.451,110.9,112.6,24,101.14,7249
2019-20,1610612761,Toronto Raptors,72,53,19,0.736,102.0,104.7,2,101.19,7328
2019-20,1610612762,Utah Jazz,72,44,28,0.611,107.4,109.3,13,99.15,7169
2019-20,1610612764,Washington Wizards,72,25,47,0.347,112.7,114.7,29,103.38,7475
2020-21,1610612737,Atlanta Hawks,72,41,31,0.569,110.6,112.1,18,98.68,7160
2020-21,1610612738,Boston Celtics,72,36,36,0.5,110.0,111.8,13,98.94,7172
2020-21,1610612751,Brooklyn Nets,72,48,24,0.667,110.6,113.1,22,100.27,7280
2020-21,1610612766,Charlotte Hornets,72,33,39,0.458,110.6,112.0,16,99.0,7159
2020-21,1610612741,Chicago Bulls,72,31,41,0.431,109.9,111.5,12,99.58,7220
2020-21,1610612739,Cleveland Cavaliers,72,22,50,0.306,112.1,113.5,25,97.96,7107
2020-21,1610612742,Dallas Mavericks,72,42,30,0.583,110.4,112.3,21,97.94,7062
2020-21,1610612743,Denver Nuggets,72,47,25,0.653,110.0,111.5,11,97.74,7123
2020-21,1610612765,Detroit Pistons,72,20,52,0.278,110.3,112.2,19,98.19,7132
2020-21,1610612744,Golden State Warriors,72,39,33,0.542,107.7,109.4,5,102.81,7412
2020-21,1610612745,Houston Rockets,72,17,55,0.236,112.4,114.4,27,101.69,7320
2020-21,1610612754,Indiana Pacers,72,34,38,0.472,109.6,111.9,14,102.05,7419
2020-21,1610612746,LA Clippers,72,47,25,0.653,108.7,110.6,8,97.63,7036
2020-21,1610612747,Los Angeles Lakers,72,42,30,0.583,104.8,106.8,1,98.85,7184
2020-21,1610612763,Memphis Grizzlies,72,38,34,0.528,108.5,110.5,7,100.77,7302
2020-21,1610612748,Miami Heat,72,40,32,0.556,108.5,110.7,10,97.09,7036
2020-21,1610612749,Milwaukee Bucks,72,46,26,0.639,109.1,110.7,9,102.85,7423
2020-21,1610612750,Minnesota Timberwolves,72,23,49,0.319,112.1,114.5,28,101.96,7389
2020-21,1610612740,New Orleans Pelicans,72,31,41,0.431,111.6,113.3,23,100.54,7303
2020-21,1610612752,New York Knicks,72,41,31,0.569,105.7,107.8,4,96.32,6994
2020-21,1610612760,Oklahoma City Thunder,72,22,50,0.306,111.9,113.4,24,101.61,7353
2020-21,1610612753,Orlando Magic,72,21,51,0.292,112.1,113.9,26,99.17,7158
2020-21,1610612755,Philadelphia 76ers,72,49,23,0.681,105.1,107.0,2,100.12,7272
2020-21,1610612756,Phoenix Suns,72,51,21,0.708,108.8,110.4,6,98.0,7137
2020-21,1610612757,Portland Trail Blazers,72,42,30,0.583,113.4,115.3,29,98.97,7137
2020-21,1610612758,Sacramento Kings,72,31,41,0.431,114.6,116.5,30,100.71,7266
2020-21,1610612759,San Antonio Spurs,72,33,39,0.458,110.7,112.0,17,99.45,7236
2020-21,1610612761,Toronto Raptors,72,27,45,0.375,109.8,112.0,15,99.57,7177
2020-21,1610612762,Utah Jazz,72,52,20,0.722,105.7,107.5,3,99.37,7193
2020-21,1610612764,Washington Wizards,72,34,38,0.472,110.5,112.3,20,104.67,7585
2021-22,1610612737,Atlanta Hawks,82,43,39,0.524,112.1,113.7,26,98.67,8099
2021-22,1610612738,Boston Celtics,82,51,31,0.622,104.0,106.2,1,97.26,8068
2021-22,1610612751,Brooklyn Nets,82,44,38,0.537,109.6,112.3,20,99.4,8177
2021-22,1610612766,Charlotte Hornets,82,43,39,0.524,111.0,113.1,22,100.52,8322
2021-22,1610612741,Chicago Bulls,82,46,36,0.561,111.1,113.2,23,98.76,8124
2021-22,1610612739,Cleveland Cavaliers,82,44,38,0.537,107.0,108.9,5,96.83,7964
2021-22,1610612742,Dallas Mavericks,82,52,30,0.634,106.8,109.1,7,95.64,7871
2021-22,1610612743,Denver Nuggets,82,48,34,0.585,110.3,111.5,15,98.41,8123
2021-22,1610612765,Detroit Pistons,82,23,59,0.28,111.1,113.3,24,98.81,8141
2021-22,1610612744,Golden State Warriors,82,53,29,0.646,103.9,106.6,2,98.74,8121
2021-22,1610612745,Houston Rockets,82,20,62,0.244,114.4,116.4,30,101.16,8323
2021-22,1610612754,Indiana Pacers,82,25,57,0.305,113.9,115.5,28,98.55,8166
2021-22,1610612746,LA Clippers,82,42,40,0.512,107.5,109.5,8,98.51,8121
2021-22,1610612747,Los Angeles Lakers,82,33,49,0.402,110.9,112.8,21,100.47,8360
2021-22,1610612763,Memphis Grizzlies,82,56,26,0.683,106.2,108.9,6,100.52,8295
2021-22,1610612748,Miami Heat,82,53,29,0.646,106.3,108.4,4,96.53,7987
2021-22,1610612749,Milwaukee Bucks,82,51,31,0.622,109.4,111.1,14,100.59,8284
2021-22,1610612750,Minnesota Timberwolves,82,46,36,0.561,109.1,111.0,13,101.47,8357
2021-22,1610612740,New Orleans Pelicans,82,36,46,0.439,110.5,112.0,18,98.02,8060
2021-22,1610612752,New York Knicks,82,37,45,0.451,107.6,110.2,11,96.42,7958
2021-22,1610612760,Oklahoma City Thunder,82,24,58,0.293,110.2,111.7,17,99.39,8198
2021-22,1610612753,Orlando Magic,82,22,60,0.268,110.3,112.1,19,99.71,8223
2021-22,1610612755,Philadelphia 76ers,82,51,31,0.622,108.3,110.2,12,96.71,7975
2021-22,1610612756,Phoenix Suns,82,64,18,0.78,104.7,106.8,3,100.26,8242
2021-22,1610612757,Portland Trail Blazers,82,27,55,0.329,114.0,116.3,29,98.74,8120
2021-22,1610612758,Sacramento Kings,82,30,52,0.366,112.9,114.8,27,100.1,8252
2021-22,1610612759,San Antonio Spurs,82,34,48,0.415,110.0,111.7,16,100.51,8290
2021-22,1610612761,Toronto Raptors,82,48,34,0.585,107.9,109.9,9,96.63,8000
2021-22,1610612762,Utah Jazz,82,49,33,0.598,107.7,110.0,10,97.5,8014
2021-22,1610612764,Washington Wizards,82,35,47,0.427,111.7,113.6,25,97.8,8079
2022-23,1610612737,Atlanta Hawks,82,41,41,0.5,113.6,115.4,22,101.56,8407
2022-23,1610612738,Boston Celtics,82,57,25,0.695,108.8,110.6,2,99.15,8247
2022-23,1610612751,Brooklyn Nets,82,45,37,0.549,110.9,113.5,16,98.77,8111
2022-23,1610612766,Charlotte Hornets,82,27,55,0.329,112.6,114.7,20,101.47,8390
2022-23,1610612741,Chicago Bulls,82,40,42,0.488,109.4,111.5,5,99.18,8225
2022-23,1610612739,Cleveland Cavaliers,82,51,31,0.622,107.7,109.9,1,96.27,7972
2022-23,1610612742,Dallas Mavericks,82,38,44,0.463,114.0,116.1,25,97.21,8082
2022-23,1610612743,Denver Nuggets,82,53,29,0.646,111.7,113.5,15,98.74,8129
2022-23,1610612765,Detroit Pistons,82,17,65,0.207,116.1,117.8,27,99.88,8231
2022-23,1610612744,Golden State Warriors,82,44,38,0.537,111.4,113.4,14,102.54,8472
2022-23,1610612745,Houston Rockets,82,22,60,0.268,116.9,118.6,29,99.74,8220
2022-23,1610612754,Indiana Pacers,82,35,47,0.427,115.4,117.1,26,101.68,8377
2022-23,1610612746,LA Clippers,82,44,38,0.537,112.0,113.6,17,98.84,8168
2022-23,1610612747,Los Angeles Lakers,82,43,39,0.524,111.5,113.2,12,101.92,8436
2022-23,1610612763,Memphis Grizzlies,82,51,31,0.622,108.3,110.7,3,101.5,8360
2022-23,1610612748,Miami Heat,82,44,38,0.537,110.6,112.8,9,96.76,7991
2022-23,1610612749,Milwaukee Bucks,82,58,24,0.707,109.4,110.9,4,101.45,8389
2022-23,1610612750,Minnesota Timberwolves,82,42,40,0.512,111.1,113.1,10,101.55,8383
2022-23,1610612740,New Orleans Pelicans,82,42,40,0.512,109.9,112.0,6,99.58,8239
2022-23,1610612752,New York Knicks,82,47,35,0.573,111.8,114.2,19,97.75,8134
2022-23,1610612760,Oklahoma City Thunder,82,40,42,0.488,111.4,113.2,13,101.94,8435
2022-23,1610612753,Orlando Magic,82,34,48,0.415,111.5,113.7,18,99.66,8205
2022-23,1610612755,Philadelphia 76ers,82,54,28,0.659,110.2,112.7,8,97.44,8072
2022-23,1610612756,Phoenix Suns,82,45,37,0.549,110.1,112.3,7,98.83,8141
2022-23,1610612757,Portland Trail Blazers,82,33,49,0.402,116.0,118.0,28,99.25,8157
2022-23,1610612758,Sacramento Kings,82,48,34,0.585,114.1,116.0,24,100.99,8343
2022-23,1610612759,San Antonio Spurs,82,22,60,0.268,117.7,119.6,30,102.07,8451
2022-23,1610612761,Toronto Raptors,82,41,41,0.5,111.4,113.1,11,97.85,8076
2022-23,1610612762,Utah Jazz,82,37,45,0.451,113.8,116.0,23,101.02,8329
2022-23,1610612764,Washington Wizards,82,35,47,0.427,113.3,114.9,21,99.16,8161
2023-24,1610612737,Atlanta Hawks,82,36,46,0.439,116.7,118.4,27,100.84,8339
2023-24,1610612738,Boston Celtics,82,64,18,0.78,109.0,110.6,2,97.98,8090
2023-24,1610612751,Brooklyn Nets,82,32,50,0.39,113.1,115.4,20,97.56,8050
2023-24,1610612766,Charlotte Hornets,82,21,61,0.256,117.0,119.2,29,97.81,8047
2023-24,1610612741,Chicago Bulls,82,39,43,0.476,113.2,115.7,22,96.94,8078
2023-24,1610612739,Cleveland Cavaliers,82,48,34,0.585,109.9,112.1,7,97.62,8053
2023-24,1610612742,Dallas Mavericks,82,50,32,0.61,112.6,114.9,18,100.6,8263
2023-24,1610612743,Denver Nuggets,82,57,25,0.695,110.5,112.3,8,97.43,7996
2023-24,1610612765,Detroit Pistons,82,14,68,0.171,116.0,118.0,25,100.45,8269
2023-24,1610612744,Golden State Warriors,82,46,36,0.561,112.4,114.5,15,99.91,8261
2023-24,1610612745,Houston Rockets,82,41,41,0.5,110.7,112.8,10,99.59,8248
2023-24,1610612754,Indiana Pacers,82,47,35,0.573,115.5,117.6,24,102.16,8389
2023-24,1610612746,LA Clippers,82,51,31,0.622,112.3,114.6,16,97.93,8040
2023-24,1610612747,Los Angeles Lakers,82,47,35,0.573,112.7,114.8,17,101.38,8387
2023-24,1610612763,Memphis Grizzlies,82,27,55,0.329,111.7,113.7,12,98.68,8128
2023-24,1610612748,Miami Heat,82,46,36,0.561,109.5,111.5,5,96.88,7975
2023-24,1610612749,Milwaukee Bucks,82,49,33,0.598,112.8,115.0,19,100.51,8295
2023-24,1610612750,Minnesota Timberwolves,82,56,26,0.683,106.2,108.4,1,97.79,8081
2023-24,1610612740,New Orleans Pelicans,82,49,33,0.598,110.1,111.9,6,98.7,8101
2023-24,1610612752,New York Knicks,82,50,32,0.61,111.2,112.4,9,95.96,7883
2023-24,1610612760,Oklahoma City Thunder,82,57,25,0.695,109.1,111.0,4,100.85,8324
2023-24,1610612753,Orlando Magic,82,47,35,0.573,108.6,110.8,3,97.37,8022
2023-24,1610612755,Philadelphia 76ers,82,47,35,0.573,111.0,113.0,11,98.17,8090
2023-24,1610612756,Phoenix Suns,82,49,33,0.598,111.5,113.7,13,99.0,8158
2023-24,1610612757,Portland Trail Blazers,82,21,61,0.256,114.5,116.6,23,97.88,8103
2023-24,1610612758,Sacramento Kings,82,46,36,0.561,112.9,114.4,14,99.46,8226
2023-24,1610612759,San Antonio Spurs,82,22,60,0.268,113.8,115.6,21,101.8,8413
2023-24,1610612761,Toronto Raptors,82,25,57,0.305,115.8,118.1,26,99.91,8241
2023-24,1610612762,Utah Jazz,82,31,51,0.378,117.7,119.6,30,100.26,8281
2023-24,1610612764,Washington Wizards,82,15,67,0.183,116.8,118.9,28,103.07,8461
2024-25,1610612737,Atlanta Hawks,82,40,42,0.488,112.6,114.8,18,103.41,8521
2024-25,1610612738,Boston Celtics,82,61,21,0.744,108.0,110.1,4,96.59,7979
2024-25,1610612751,Brooklyn Nets,82,26,56,0.317,112.8,115.4,23,96.73,7970
2024-25,1610612766,Charlotte Hornets,82,19,63,0.232,113.8,115.7,24,98.22,8079
2024-25,1610612741,Chicago Bulls,82,39,43,0.476,112.5,114.8,19,103.61,8532
2024-25,1610612739,Cleveland Cavaliers,82,64,18,0.78,109.0,111.8,8,100.31,8267
2024-25,1610612742,Dallas Mavericks,82,39,43,0.476,113.0,115.0,20,100.15,8238
2024-25,1610612743,Denver Nuggets,82,50,32,0.61,113.1,115.1,21,100.67,8328
2024-25,1610612765,Detroit Pistons,82,44,38,0.537,110.1,112.5,10,100.27,8268
2024-25,1610612744,Golden State Warriors,82,48,34,0.585,108.9,111.0,7,99.37,8173
2024-25,1610612745,Houston Rockets,82,52,30,0.634,108.0,110.3,5,99.03,8159
2024-25,1610612754,Indiana Pacers,82,50,32,0.61,111.3,113.3,14,100.76,8341
2024-25,1610612746,LA Clippers,82,50,32,0.61,107.9,109.4,3,98.24,8099
2024-25,1610612747,Los Angeles Lakers,82,50,32,0.61,111.4,113.8,17,98.34,8084
2024-25,1610612763,Memphis Grizzlies,82,48,34,0.585,110.0,112.6,11,103.69,8513
2024-25,1610612748,Miami Heat,82,37,45,0.451,110.6,112.0,9,97.08,8066
2024-25,1610612749,Milwaukee Bucks,82,48,34,0.585,110.9,112.7,12,99.92,8228
2024-25,1610612750,Minnesota Timberwolves,82,49,33,0.598,108.6,110.8,6,97.95,8097
2024-25,1610612740,New Orleans Pelicans,82,21,61,0.256,116.6,119.1,29,99.77,8212
2024-25,1610612752,New York Knicks,82,51,31,0.622,111.8,113.3,13,97.64,8093
2024-25,1610612760,Oklahoma City Thunder,82,68,14,0.829,104.7,106.6,1,100.9,8286
2024-25,1610612753,Orlando Magic,82,41,41,0.5,106.8,109.1,2,96.51,7935
2024-25,1610612755,Philadelphia 76ers,82,24,58,0.293,115.2,117.3,26,98.13,8098
2024-25,1610612756,Phoenix Suns,82,36,46,0.439,116.2,117.7,27,98.31,8121
2024-25,1610612757,Portland Trail Blazers,82,36,46,0.439,111.9,113.7,16,99.51,8192
2024-25,1610612758,Sacramento Kings,82,40,42,0.488,113.5,115.3,22,98.91,8189
2024-25,1610612759,San Antonio Spurs,82,34,48,0.415,114.1,116.3,25,100.08,8231
2024-25,1610612761,Toronto Raptors,82,30,52,0.366,111.7,113.6,15,100.62,8297
2024-25,1610612762,Utah Jazz,82,17,65,0.207,117.7,119.4,30,100.85,8322
2024-25,1610612764,Washington Wizards,82,18,64,0.22,116.2,118.0,28,101.82,8371
2025-26,1610612737,Atlanta Hawks,82,46,36,0.561,111.0,112.9,10,102.5,8444
2025-26,1610612738,Boston Celtics,82,56,26,0.683,109.7,111.7,4,95.58,7850
2025-26,1610612751,Brooklyn Nets,82,20,62,0.244,116.0,118.2,25,97.6,8028
2025-26,1610612766,Charlotte Hornets,82,44,38,0.537,111.9,113.5,11,97.59,8033
2025-26,1610612741,Chicago Bulls,82,31,51,0.378,115.1,117.4,22,103.22,8506
2025-26,1610612739,Cleveland Cavaliers,82,52,30,0.634,111.9,114.1,15,100.7,8286
2025-26,1610612742,Dallas Mavericks,82,26,56,0.317,113.9,115.5,19,102.62,8484
2025-26,1610612743,Denver Nuggets,82,54,28,0.659,114.7,116.0,21,99.49,8259
2025-26,1610612765,Detroit Pistons,82,60,22,0.732,106.6,108.9,2,99.88,8231
2025-26,1610612744,Golden State Warriors,82,37,45,0.451,112.6,114.4,16,100.05,8255
2025-26,1610612745,Houston Rockets,82,52,30,0.634,110.2,112.1,6,96.98,8042
2025-26,1610612754,Indiana Pacers,82,19,63,0.232,115.7,117.9,24,101.78,8377
2025-26,1610612746,LA Clippers,82,42,40,0.512,112.8,115.2,18,97.29,8019
2025-26,1610612747,Los Angeles Lakers,82,53,29,0.646,113.3,115.5,20,99.22,8156
2025-26,1610612763,Memphis Grizzlies,82,25,57,0.305,115.8,118.4,27,101.69,8365
2025-26,1610612748,Miami Heat,82,43,39,0.524,111.5,113.6,14,104.22,8561
2025-26,1610612749,Milwaukee Bucks,82,32,50,0.39,116.4,118.3,26,98.33,8087
2025-26,1610612750,Minnesota Timberwolves,82,49,33,0.598,110.2,112.5,8,101.5,8372
2025-26,1610612740,New Orleans Pelicans,82,26,56,0.317,115.5,117.6,23,101.37,8363
2025-26,1610612752,New York Knicks,82,53,29,0.646,110.2,112.3,7,97.71,8046
2025-26,1610612760,Oklahoma City Thunder,82,64,18,0.78,104.8,106.5,1,100.37,8301
2025-26,1610612753,Orlando Magic,82,45,37,0.549,111.6,113.6,13,100.56,8310
2025-26,1610612755,Philadelphia 76ers,82,45,37,0.549,112.0,114.4,17,100.39,8314
2025-26,1610612756,Phoenix Suns,82,45,37,0.549,110.7,112.9,9,98.14,8083
2025-26,1610612757,Portland Trail Blazers,82,42,40,0.512,111.7,113.5,12,101.63,8370
2025-26,1610612758,Sacramento Kings,82,22,60,0.268,118.0,120.3,28,100.12,8233
2025-26,1610612759,San Antonio Spurs,82,62,20,0.756,108.5,110.4,3,100.72,8275
2025-26,1610612761,Toronto Raptors,82,46,36,0.561,110.0,112.1,5,99.22,8177
2025-26,1610612762,Utah Jazz,82,22,60,0.268,119.3,120.8,29,103.54,8558
2025-26,1610612764,Washington Wizards,82,17,65,0.207,119.6,121.5,30,102.49,8442
