PLAYER_ID,PLAYER_NAME,PLAYER_SLUG,BIRTHDATE,SCHOOL,COUNTRY,HEIGHT,WEIGHT,SEASON_EXP,POSITION,ROSTERSTATUS,TEAM_ID,TEAM_NAME,TEAM_ABBREVIATION,FROM_YEAR,TO_YEAR,DRAFT_YEAR,DRAFT_ROUND,DRAFT_PICK
1630700,Dyson Daniels,dyson-daniels,2003-03-17T00:00:00,NBA G League Ignite,Australia,6-7,199.0,3,Guard,Active,1610612737,Hawks,ATL,2021,2025,2022,1,8
1629638,Nickeil Alexander-Walker,nickeil-alexander-walker,1998-09-02T00:00:00,Virginia Tech,Canada,6-5,205.0,6,Guard,Active,1610612737,Hawks,ATL,2019,2025,2019,1,17
1630168,Onyeka Okongwu,onyeka-okongwu,2000-12-11T00:00:00,Southern California,USA,6-10,240.0,5,Forward-Center,Active,1610612737,Hawks,ATL,2020,2025,2020,1,6
203468,CJ McCollum,cj-mccollum,1991-09-19T00:00:00,Lehigh,USA,6-3,190.0,12,Guard,Active,1610612737,Hawks,ATL,2013,2025,2013,1,10
1630552,Jalen Johnson,jalen-johnson,2001-12-18T00:00:00,Duke,USA,6-8,219.0,4,Forward,Active,1610612737,Hawks,ATL,2021,2025,2021,1,20
1642258,Zaccharie Risacher,zaccharie-risacher,2005-04-08T00:00:00,JL Bourg-en-Bresse,France,6-8,200.0,1,Forward,Active,1610612737,Hawks,ATL,2024,2025,2024,1,1
1627741,Buddy Hield,buddy-hield,1992-12-17T00:00:00,Oklahoma,Bahamas,6-4,220.0,9,Guard,Active,1610612737,Hawks,ATL,2016,2025,2016,1,6
1630557,Corey Kispert,corey-kispert,1999-03-03T00:00:00,Gonzaga,USA,6-6,224.0,4,Forward,Active,1610612737,Hawks,ATL,2021,2025,2021,1,15
1629216,Gabe Vincent,gabe-vincent,1996-06-14T00:00:00,California-Santa Barbara,USA,6-2,200.0,6,Guard,Active,1610612737,Hawks,ATL,2019,2025,Undrafted,Undrafted,Undrafted
1629111,Jock Landale,jock-landale,1995-10-25T00:00:00,St. Mary's,Australia,6-11,255.0,4,Center,Active,1610612737,Hawks,ATL,2021,2025,Undrafted,Undrafted,Undrafted
1629008,Michael Porter Jr.,michael-porter-jr,1998-06-29T00:00:00,Missouri,USA,6-10,218.0,6,Forward,Active,1610612751,Nets,BKN,2018,2025,2018,1,14
1629651,Nic Claxton,nic-claxton,1999-04-17T00:00:00,Georgia,USA,6-11,215.0,6,Center,Active,1610612751,Nets,BKN,2019,2025,2019,2,31
1629611,Terance Mann,terance-mann,1996-10-18T00:00:00,Florida State,USA,6-6,215.0,6,Guard-Forward,Active,1610612751,Nets,BKN,2019,2025,2019,2,48
1641730,Noah Clowney,noah-clowney,2004-07-14T00:00:00,Alabama,USA,6-10,210.0,2,Forward-Center,Active,1610612751,Nets,BKN,2023,2025,2023,1,21
1630592,Jalen Wilson,jalen-wilson,2000-11-04T00:00:00,Kansas,USA,6-6,220.0,2,Forward,Active,1610612751,Nets,BKN,2023,2025,2023,2,51
1630533,Ziaire Williams,ziaire-williams,2001-09-12T00:00:00,Stanford,USA,6-9,185.0,4,Forward,Active,1610612751,Nets,BKN,2021,2025,2021,1,10
1630534,Ochai Agbaji,ochai-agbaji,2000-04-20T00:00:00,Kansas,USA,6-5,215.0,3,Guard,Active,1610612751,Nets,BKN,2022,2025,2022,1,14
1630549,Day'Ron Sharpe,dayron-sharpe,2001-11-06T00:00:00,North Carolina,USA,6-10,265.0,4,Center,Active,1610612751,Nets,BKN,2021,2025,2021,1,29
1642962,Drake Powell,drake-powell,2005-09-08T00:00:00,North Carolina,USA,6-5,195.0,0,Guard-Forward,Active,1610612751,Nets,BKN,2025,2025,2025,1,22
1631169,Josh Minott,josh-minott,2002-11-25T00:00:00,Memphis,USA,6-8,205.0,3,Forward,Active,1610612751,Nets,BKN,2022,2025,2022,2,45
1628401,Derrick White,derrick-white,1994-07-02T00:00:00,Colorado,USA,6-4,190.0,8,Guard,Active,1610612738,Celtics,BOS,2017,2025,2017,1,29
1630202,Payton Pritchard,payton-pritchard,1998-01-28T00:00:00,Oregon,USA,6-1,195.0,5,Guard,Active,1610612738,Celtics,BOS,2020,2025,2020,1,26
1627759,Jaylen Brown,jaylen-brown,1996-10-24T00:00:00,California,USA,6-6,223.0,9,Guard-Forward,Active,1610612738,Celtics,BOS,2016,2025,2016,1,3
202696,Nikola Vučević,nikola-vučević,1990-10-24T00:00:00,Southern California,Montenegro,6-9,265.0,14,Center,Active,1610612738,Celtics,BOS,2011,2025,2011,1,16
1630573,Sam Hauser,sam-hauser,1997-12-08T00:00:00,Virginia,USA,6-7,217.0,4,Forward,Active,1610612738,Celtics,BOS,2021,2025,Undrafted,Undrafted,Undrafted
1629674,Neemias Queta,neemias-queta,1999-07-13T00:00:00,Utah State,Portugal,7-0,248.0,4,Center,Active,1610612738,Celtics,BOS,2021,2025,2021,2,39
1628369,Jayson Tatum,jayson-tatum,1998-03-03T00:00:00,Duke,USA,6-8,210.0,8,Forward-Guard,Active,1610612738,Celtics,BOS,2017,2025,2017,1,3
1631248,Baylor Scheierman,baylor-scheierman,2000-09-26T00:00:00,Creighton,USA,6-6,205.0,1,Guard,Active,1610612738,Celtics,BOS,2024,2025,2024,1,30
1641775,Jordan Walsh,jordan-walsh,2004-03-03T00:00:00,Arkansas,USA,6-6,205.0,2,Guard,Active,1610612738,Celtics,BOS,2023,2025,2023,2,38
1630568,Luka Garza,luka-garza,1998-12-27T00:00:00,Iowa,USA,6-10,243.0,4,Center,Active,1610612738,Celtics,BOS,2021,2025,2021,2,52
1628970,Miles Bridges,miles-bridges,1998-03-21T00:00:00,Michigan State,USA,6-7,225.0,6,Forward,Active,1610612766,Hornets,CHA,2018,2025,2018,1,12
1630163,LaMelo Ball,lamelo-ball,2001-08-22T00:00:00,Illawarra,USA,6-7,180.0,5,Guard,Active,1610612766,Hornets,CHA,2020,2025,2020,1,3
1631217,Moussa Diabaté,moussa-diabaté,2002-01-21T00:00:00,Michigan,France,6-10,210.0,3,Forward,Active,1610612766,Hornets,CHA,2022,2025,2022,2,43
1629632,Coby White,coby-white,2000-02-16T00:00:00,North Carolina,USA,6-4,210.0,6,Guard,Active,1610612766,Hornets,CHA,2019,2025,2019,1,7
1641706,Brandon Miller,brandon-miller,2002-11-22T00:00:00,Alabama,USA,6-7,200.0,2,Forward,Active,1610612766,Hornets,CHA,2023,2025,2023,1,2
1642851,Kon Knueppel,kon-knueppel,2005-08-03T00:00:00,Duke,USA,6-6,215.0,0,Guard-Forward,Active,1610612766,Hornets,CHA,2025,2025,2025,1,4
1630182,Josh Green,josh-green,2000-11-16T00:00:00,Arizona,Australia,6-6,200.0,5,Guard,Active,1610612766,Hornets,CHA,2020,2025,2020,1,18
1642883,Sion James,sion-james,2002-12-04T00:00:00,Duke,USA,6-5,220.0,0,Guard,Active,1610612766,Hornets,CHA,2025,2025,2025,2,33
1642275,Tidjane Salaün,tidjane-salaün,2005-08-10T00:00:00,Cholet,France,6-10,207.0,1,Forward,Active,1610612766,Hornets,CHA,2024,2025,2024,1,6
1641750,Ryan Kalkbrenner,ryan-kalkbrenner,2002-01-17T00:00:00,Creighton,USA,7-1,256.0,0,Center,Active,1610612766,Hornets,CHA,2025,2025,2025,2,34
1641824,Matas Buzelis,matas-buzelis,2004-10-13T00:00:00,NBA G League Ignite,USA,6-8,196.0,1,Forward,Active,1610612741,Bulls,CHI,2023,2025,2024,1,11
1630581,Josh Giddey,josh-giddey,2002-10-10T00:00:00,NBA Global Academy,Australia,6-7,214.0,4,Guard,Active,1610612741,Bulls,CHI,2021,2025,2021,1,6
1629014,Anfernee Simons,anfernee-simons,1999-06-08T00:00:00,Edgewater HS (FL),USA,6-3,200.0,7,Guard,Active,1610612741,Bulls,CHI,2018,2025,2018,1,24
1629012,Collin Sexton,collin-sexton,1999-01-04T00:00:00,Alabama,USA,6-3,190.0,7,Guard,Active,1610612741,Bulls,CHI,2018,2025,2018,1,8
1630172,Patrick Williams,patrick-williams,2001-08-26T00:00:00,Florida State,USA,6-6,235.0,5,Forward,Active,1610612741,Bulls,CHI,2020,2025,2020,1,4
1627824,Guerschon Yabusele,guerschon-yabusele,1995-12-17T00:00:00,"Rouen, France",France,6-7,265.0,3,Forward,Active,1610612741,Bulls,CHI,2016,2025,2016,1,16
1630171,Isaac Okoro,isaac-okoro,2001-01-26T00:00:00,Auburn,USA,6-4,225.0,5,Forward-Guard,Active,1610612741,Bulls,CHI,2020,2025,2020,1,5
1630200,Tre Jones,tre-jones,2000-01-08T00:00:00,Duke,USA,6-1,190.0,5,Guard,Active,1610612741,Bulls,CHI,2020,2025,2020,2,41
1630188,Jalen Smith,jalen-smith,2000-03-16T00:00:00,Maryland,USA,6-8,244.0,5,Forward-Center,Active,1610612741,Bulls,CHI,2020,2025,2020,1,10
1630208,Nick Richards,nick-richards,1997-11-29T00:00:00,Kentucky,Jamaica,6-11,245.0,5,Center,Active,1610612741,Bulls,CHI,2020,2025,2020,2,42
201935,James Harden,james-harden,1989-08-26T00:00:00,Arizona State,USA,6-5,220.0,16,Guard,Active,1610612739,Cavaliers,CLE,2009,2025,2009,1,3
1628378,Donovan Mitchell,donovan-mitchell,1996-09-07T00:00:00,Louisville,USA,6-2,215.0,8,Guard,Active,1610612739,Cavaliers,CLE,2017,2025,2017,1,13
1630596,Evan Mobley,evan-mobley,2001-06-18T00:00:00,Southern California,USA,6-11,215.0,4,Center,Active,1610612739,Cavaliers,CLE,2021,2025,2021,1,3
203471,Dennis Schröder,dennis-schröder,1993-09-15T00:00:00,Braunschweig,Germany,6-1,175.0,12,Guard,Active,1610612739,Cavaliers,CLE,2013,2025,2013,1,17
1628386,Jarrett Allen,jarrett-allen,1998-04-21T00:00:00,Texas,USA,6-9,243.0,8,Center,Active,1610612739,Cavaliers,CLE,2017,2025,2017,1,22
1631165,Keon Ellis,keon-ellis,2000-01-08T00:00:00,Alabama,USA,6-4,175.0,3,Guard,Active,1610612739,Cavaliers,CLE,2022,2025,Undrafted,Undrafted,Undrafted
1630241,Sam Merrill,sam-merrill,1996-05-15T00:00:00,Utah State,USA,6-4,205.0,5,Guard,Active,1610612739,Cavaliers,CLE,2020,2025,2020,2,60
1629731,Dean Wade,dean-wade,1996-11-20T00:00:00,Kansas State,USA,6-9,228.0,6,Forward-Center,Active,1610612739,Cavaliers,CLE,2019,2025,Undrafted,Undrafted,Undrafted
1642281,Jaylon Tyson,jaylon-tyson,2002-12-02T00:00:00,California,USA,6-6,215.0,1,Guard-Forward,Active,1610612739,Cavaliers,CLE,2024,2025,2024,1,20
1641854,Craig Porter Jr.,craig-porter-jr,2000-02-26T00:00:00,Wichita State,USA,6-1,180.0,2,Guard,Active,1610612739,Cavaliers,CLE,2023,2025,Undrafted,Undrafted,Undrafted
1631108,Max Christie,max-christie,2003-02-10T00:00:00,Michigan State,USA,6-5,190.0,3,Guard,Active,1610612742,Mavericks,DAL,2022,2025,2022,2,35
1630230,Naji Marshall,naji-marshall,1998-01-24T00:00:00,Xavier,USA,6-6,220.0,5,Forward,Active,1610612742,Mavericks,DAL,2020,2025,Undrafted,Undrafted,Undrafted
202691,Klay Thompson,klay-thompson,1990-02-08T00:00:00,Washington State,USA,6-5,220.0,14,Guard,Active,1610612742,Mavericks,DAL,2011,2025,2011,1,11
1629023,P.J. Washington,pj-washington,1998-08-23T00:00:00,Kentucky,USA,6-7,230.0,6,Forward,Active,1610612742,Mavericks,DAL,2019,2025,2019,1,12
1642843,Cooper Flagg,cooper-flagg,2006-12-21T00:00:00,Duke,USA,6-9,205.0,0,Forward,Active,1610612742,Mavericks,DAL,2025,2025,2025,1,1
1629655,Daniel Gafford,daniel-gafford,1998-10-01T00:00:00,Arkansas,USA,6-10,265.0,6,Forward-Center,Active,1610612742,Mavericks,DAL,2019,2025,2019,2,38
203114,Khris Middleton,khris-middleton,1991-08-12T00:00:00,Texas A&M,USA,6-7,222.0,13,Forward,Active,1610612742,Mavericks,DAL,2012,2025,2012,2,39
1630314,Brandon Williams,brandon-williams,1999-11-22T00:00:00,Arizona,USA,6-1,190.0,3,Guard,Active,1610612742,Mavericks,DAL,2021,2025,Undrafted,Undrafted,Undrafted
1628997,Caleb Martin,caleb-martin,1995-09-28T00:00:00,Nevada,USA,6-5,205.0,6,Forward,Active,1610612742,Mavericks,DAL,2019,2025,Undrafted,Undrafted,Undrafted
203939,Dwight Powell,dwight-powell,1991-07-20T00:00:00,Stanford,Canada,6-10,240.0,11,Forward-Center,Active,1610612742,Mavericks,DAL,2014,2025,2014,2,45
1627750,Jamal Murray,jamal-murray,1997-02-23T00:00:00,Kentucky,Canada,6-4,215.0,9,Guard,Active,1610612743,Nuggets,DEN,2016,2025,2016,1,7
203999,Nikola Jokić,nikola-jokić,1995-02-19T00:00:00,Mega Basket,Serbia,6-11,284.0,10,Center,Active,1610612743,Nuggets,DEN,2015,2025,2014,2,41
203501,Tim Hardaway Jr.,tim-hardaway-jr,1992-03-16T00:00:00,Michigan,USA,6-5,205.0,12,Guard-Forward,Active,1610612743,Nuggets,DEN,2013,2025,2013,1,24
1631128,Christian Braun,christian-braun,2001-04-17T00:00:00,Kansas,USA,6-6,220.0,3,Guard,Active,1610612743,Nuggets,DEN,2022,2025,2022,1,21
1629661,Cameron Johnson,cameron-johnson,1996-03-03T00:00:00,North Carolina,USA,6-8,210.0,6,Forward,Active,1610612743,Nuggets,DEN,2019,2025,2019,1,11
1631212,Peyton Watson,peyton-watson,2002-09-11T00:00:00,UCLA,USA,6-8,200.0,3,Guard,Active,1610612743,Nuggets,DEN,2022,2025,2022,1,30
1628971,Bruce Brown,bruce-brown,1996-08-15T00:00:00,Miami,USA,6-4,202.0,7,Guard-Forward,Active,1610612743,Nuggets,DEN,2018,2025,2018,2,42
1626145,Tyus Jones,tyus-jones,1996-05-10T00:00:00,Duke,USA,6-0,196.0,10,Guard,Active,1610612743,Nuggets,DEN,2015,2025,2015,1,24
202685,Jonas Valančiūnas,jonas-valančiūnas,1992-05-06T00:00:00,Lietuvos rytas Vilnius,Lithuania,6-11,265.0,13,Center,Active,1610612743,Nuggets,DEN,2012,2025,2011,1,5
1631124,Julian Strawther,julian-strawther,2002-04-18T00:00:00,Gonzaga,USA,6-6,205.0,2,Guard,Active,1610612743,Nuggets,DEN,2023,2025,2023,1,29
1630595,Cade Cunningham,cade-cunningham,2001-09-25T00:00:00,Oklahoma State,USA,6-6,220.0,4,Guard,Active,1610612765,Pistons,DET,2021,2025,2021,1,1
1629130,Duncan Robinson,duncan-robinson,1994-04-22T00:00:00,Michigan,USA,6-7,215.0,7,Forward,Active,1610612765,Pistons,DET,2018,2025,Undrafted,Undrafted,Undrafted
1631105,Jalen Duren,jalen-duren,2003-11-18T00:00:00,Memphis,USA,6-10,250.0,3,Center,Active,1610612765,Pistons,DET,2022,2025,2022,1,13
202699,Tobias Harris,tobias-harris,1992-07-15T00:00:00,Tennessee,USA,6-8,226.0,14,Forward,Active,1610612765,Pistons,DET,2011,2025,2011,1,19
1641709,Ausar Thompson,ausar-thompson,2003-01-30T00:00:00,Overtime Elite,USA,6-7,205.0,2,Guard-Forward,Active,1610612765,Pistons,DET,2023,2025,2023,1,5
1628989,Kevin Huerter,kevin-huerter,1998-08-27T00:00:00,Maryland,USA,6-6,190.0,7,Guard-Forward,Active,1610612765,Pistons,DET,2018,2025,2018,1,19
1641842,Ronald Holland II,ronald-holland-ii,2005-07-07T00:00:00,NBA G League Ignite,USA,6-8,206.0,1,Forward,Active,1610612765,Pistons,DET,2023,2025,2024,1,5
1629750,Javonte Green,javonte-green,1993-07-23T00:00:00,Radford,USA,6-5,205.0,6,Guard,Active,1610612765,Pistons,DET,2019,2025,Undrafted,Undrafted,Undrafted
1630191,Isaiah Stewart,isaiah-stewart,2001-05-22T00:00:00,Washington,USA,6-8,250.0,5,Forward-Center,Active,1610612765,Pistons,DET,2020,2025,2020,1,16
1627747,Caris LeVert,caris-levert,1994-08-25T00:00:00,Michigan,USA,6-7,205.0,9,Guard,Active,1610612765,Pistons,DET,2016,2025,2016,1,20
1641764,Brandin Podziemski,brandin-podziemski,2003-02-25T00:00:00,Santa Clara,USA,6-4,205.0,2,Guard,Active,1610612744,Warriors,GSW,2023,2025,2023,1,19
203110,Draymond Green,draymond-green,1990-03-04T00:00:00,Michigan State,USA,6-6,230.0,13,Forward,Active,1610612744,Warriors,GSW,2012,2025,2012,2,35
201939,Stephen Curry,stephen-curry,1988-03-14T00:00:00,Davidson,USA,6-2,185.0,16,Guard,Active,1610612744,Warriors,GSW,2009,2025,2009,1,7
1630541,Moses Moody,moses-moody,2002-05-31T00:00:00,Arkansas,USA,6-5,211.0,4,Guard,Active,1610612744,Warriors,GSW,2021,2025,2021,1,14
202710,Jimmy Butler III,jimmy-butler-iii,1989-09-14T00:00:00,Marquette,USA,6-6,230.0,14,Forward,Active,1610612744,Warriors,GSW,2011,2025,2011,1,30
1630611,Gui Santos,gui-santos,2002-06-22T00:00:00,Minas,Brazil,6-7,185.0,2,Forward,Active,1610612744,Warriors,GSW,2023,2025,2022,2,55
201143,Al Horford,al-horford,1986-06-03T00:00:00,Florida,Dominican Republic,6-8,240.0,18,Center-Forward,Active,1610612744,Warriors,GSW,2007,2025,2007,1,3
1627780,Gary Payton II,gary-payton-ii,1992-12-01T00:00:00,Oregon State,USA,6-2,195.0,9,Guard,Active,1610612744,Warriors,GSW,2016,2025,Undrafted,Undrafted,Undrafted
1642366,Quinten Post,quinten-post,2000-03-21T00:00:00,Boston College,Netherlands,7-0,238.0,1,Center,Active,1610612744,Warriors,GSW,2024,2025,2024,2,52
1630311,Pat Spencer,pat-spencer,1996-07-04T00:00:00,Northwestern,USA,6-2,205.0,2,Guard,Active,1610612744,Warriors,GSW,2023,2025,Undrafted,Undrafted,Undrafted
1641708,Amen Thompson,amen-thompson,2003-01-30T00:00:00,Overtime Elite,USA,6-7,200.0,2,Guard-Forward,Active,1610612745,Rockets,HOU,2023,2025,2023,1,4
201142,Kevin Durant,kevin-durant,1988-09-29T00:00:00,Texas,USA,6-11,240.0,18,Forward,Active,1610612745,Rockets,HOU,2007,2025,2007,1,2
1630578,Alperen Sengun,alperen-sengun,2002-07-25T00:00:00,Besiktas,Turkey,6-11,243.0,4,Center,Active,1610612745,Rockets,HOU,2021,2025,2021,1,16
1631095,Jabari Smith Jr.,jabari-smith-jr,2003-05-13T00:00:00,Auburn,USA,6-11,220.0,3,Forward,Active,1610612745,Rockets,HOU,2022,2025,2022,1,3
1642263,Reed Sheppard,reed-sheppard,2004-06-24T00:00:00,Kentucky,USA,6-2,185.0,1,Guard,Active,1610612745,Rockets,HOU,2024,2025,2024,1,3
1631106,Tari Eason,tari-eason,2001-05-10T00:00:00,Louisiana State,USA,6-8,215.0,3,Forward,Active,1610612745,Rockets,HOU,2022,2025,2022,1,17
203991,Clint Capela,clint-capela,1994-05-18T00:00:00,Elan Chalon,Switzerland,6-10,256.0,11,Center,Active,1610612745,Rockets,HOU,2014,2025,2014,1,25
1629006,Josh Okogie,josh-okogie,1998-09-01T00:00:00,Georgia Tech,Nigeria,6-4,213.0,7,Guard,Active,1610612745,Rockets,HOU,2018,2025,2018,1,20
1627827,Dorian Finney-Smith,dorian-finney-smith,1993-05-04T00:00:00,Florida,USA,6-7,220.0,9,Forward,Active,1610612745,Rockets,HOU,2016,2025,Undrafted,Undrafted,Undrafted
1628988,Aaron Holiday,aaron-holiday,1996-09-30T00:00:00,UCLA,USA,6-0,185.0,7,Guard,Active,1610612745,Rockets,HOU,2018,2025,2018,1,23
1627783,Pascal Siakam,pascal-siakam,1994-04-02T00:00:00,New Mexico State,Cameroon,6-8,245.0,9,Forward,Active,1610612754,Pacers,IND,2016,2025,2016,1,27
1627826,Ivica Zubac,ivica-zubac,1997-03-18T00:00:00,Mega Basket,Croatia,7-0,240.0,9,Center,Active,1610612754,Pacers,IND,2016,2025,2016,2,32
1629614,Andrew Nembhard,andrew-nembhard,2000-01-16T00:00:00,Gonzaga,Canada,6-4,191.0,3,Guard-Forward,Active,1610612754,Pacers,IND,2022,2025,2022,2,31
1641716,Jarace Walker,jarace-walker,2003-09-04T00:00:00,Houston,USA,6-7,235.0,2,Forward,Active,1610612754,Pacers,IND,2023,2025,2023,1,8
1630643,Jay Huff,jay-huff,1997-08-25T00:00:00,Virginia,USA,7-1,240.0,4,Center,Active,1610612754,Pacers,IND,2021,2025,Undrafted,Undrafted,Undrafted
1641767,Ben Sheppard,ben-sheppard,2001-07-16T00:00:00,Belmont,USA,6-6,190.0,2,Guard,Active,1610612754,Pacers,IND,2023,2025,2023,1,26
204456,T.J. McConnell,tj-mcconnell,1992-03-25T00:00:00,Arizona,USA,6-1,190.0,10,Guard,Active,1610612754,Pacers,IND,2015,2025,2015,0,Undrafted
1630174,Aaron Nesmith,aaron-nesmith,1999-10-16T00:00:00,Vanderbilt,USA,6-5,215.0,5,Guard-Forward,Active,1610612754,Pacers,IND,2020,2025,2020,1,14
1630167,Obi Toppin,obi-toppin,1998-03-04T00:00:00,Dayton,USA,6-9,220.0,5,Forward,Active,1610612754,Pacers,IND,2020,2025,2020,1,8
1630169,Tyrese Haliburton,tyrese-haliburton,2000-02-29T00:00:00,Iowa State,USA,6-5,185.0,5,Guard,Active,1610612754,Pacers,IND,2020,2025,2020,1,12
1627739,Kris Dunn,kris-dunn,1994-03-18T00:00:00,Providence,USA,6-3,205.0,9,Guard,Active,1610612746,Clippers,LAC,2016,2025,2016,1,5
201572,Brook Lopez,brook-lopez,1988-04-01T00:00:00,Stanford,USA,7-1,282.0,17,Center,Active,1610612746,Clippers,LAC,2008,2025,2008,1,10
1631097,Bennedict Mathurin,bennedict-mathurin,2002-06-19T00:00:00,Arizona,Canada,6-5,210.0,3,Guard-Forward,Active,1610612746,Clippers,LAC,2022,2025,2022,1,6
1629636,Darius Garland,darius-garland,2000-01-26T00:00:00,Vanderbilt,USA,6-1,192.0,6,Guard,Active,1610612746,Clippers,LAC,2019,2025,2019,1,5
202695,Kawhi Leonard,kawhi-leonard,1991-06-29T00:00:00,San Diego State,USA,6-6,225.0,14,Forward,Active,1610612746,Clippers,LAC,2011,2025,2011,1,15
1627884,Derrick Jones Jr.,derrick-jones-jr,1997-02-15T00:00:00,UNLV,USA,6-6,210.0,9,Forward,Active,1610612746,Clippers,LAC,2016,2025,Undrafted,Undrafted,Undrafted
1628381,John Collins,john-collins,1997-09-23T00:00:00,Wake Forest,USA,6-9,226.0,8,Forward-Center,Active,1610612746,Clippers,LAC,2017,2025,2017,1,19
201587,Nicolas Batum,nicolas-batum,1988-12-14T00:00:00,Le Mans,France,6-7,230.0,17,Guard-Forward,Active,1610612746,Clippers,LAC,2008,2025,2008,1,25
1641757,Jordan Miller,jordan-miller,2000-01-23T00:00:00,Miami,USA,6-5,194.0,2,Guard,Active,1610612746,Clippers,LAC,2023,2025,2023,2,48
1642920,Kobe Sanders,kobe-sanders,2002-05-30T00:00:00,Nevada,USA,6-8,207.0,0,Guard,Active,1610612746,Clippers,LAC,2025,2025,2025,2,50
2544,LeBron James,lebron-james,1984-12-30T00:00:00,St. Vincent-St. Mary HS (OH),USA,6-9,250.0,22,Forward,Active,1610612747,Lakers,LAL,2003,2025,2003,1,1
1630559,Austin Reaves,austin-reaves,1998-05-29T00:00:00,Oklahoma,USA,6-5,197.0,4,Guard,Active,1610612747,Lakers,LAL,2021,2025,Undrafted,Undrafted,Undrafted
1629029,Luka Dončić,luka-dončić,1999-02-28T00:00:00,Real Madrid,Slovenia,6-8,230.0,7,Forward-Guard,Active,1610612747,Lakers,LAL,2018,2025,2018,1,3
1629060,Rui Hachimura,rui-hachimura,1998-02-08T00:00:00,Gonzaga,Japan,6-8,230.0,6,Forward,Active,1610612747,Lakers,LAL,2019,2025,2019,1,9
1631222,Jake LaRavia,jake-laravia,2001-11-03T00:00:00,Wake Forest,USA,6-7,235.0,3,Forward,Active,1610612747,Lakers,LAL,2022,2025,2022,1,19
1628379,Luke Kennard,luke-kennard,1996-06-24T00:00:00,Duke,USA,6-5,206.0,8,Guard,Active,1610612747,Lakers,LAL,2017,2025,2017,1,12
1629028,Deandre Ayton,deandre-ayton,1998-07-23T00:00:00,Arizona,Bahamas,7-0,252.0,7,Center,Active,1610612747,Lakers,LAL,2018,2025,2018,1,1
203935,Marcus Smart,marcus-smart,1994-03-06T00:00:00,Oklahoma State,USA,6-3,220.0,11,Guard,Active,1610612747,Lakers,LAL,2014,2025,2014,1,6
1629637,Jaxson Hayes,jaxson-hayes,2000-05-23T00:00:00,Texas,USA,7-0,220.0,6,Center-Forward,Active,1610612747,Lakers,LAL,2019,2025,2019,1,8
1642261,Dalton Knecht,dalton-knecht,2001-04-19T00:00:00,Tennessee,USA,6-6,215.0,1,Forward,Active,1610612747,Lakers,LAL,2024,2025,2024,1,17
1642377,Jaylen Wells,jaylen-wells,2003-08-26T00:00:00,Washington State,USA,6-7,206.0,1,Forward,Active,1610612763,Grizzlies,MEM,2024,2025,2024,2,39
203484,Kentavious Caldwell-Pope,kentavious-caldwell-pope,1993-02-18T00:00:00,Georgia,USA,6-5,204.0,12,Guard,Active,1610612763,Grizzlies,MEM,2013,2025,2013,1,8
1630583,Santi Aldama,santi-aldama,2001-01-10T00:00:00,Loyola-Maryland,Spain,7-0,215.0,4,Forward-Center,Active,1610612763,Grizzlies,MEM,2021,2025,2021,1,30
1642285,Cam Spencer,cam-spencer,2000-04-06T00:00:00,Connecticut,USA,6-3,205.0,1,Guard,Active,1610612763,Grizzlies,MEM,2024,2025,2024,2,53
1641712,Rayan Rupert,rayan-rupert,2004-05-31T00:00:00,New Zealand Breakers,France,6-7,205.0,2,Guard-Forward,Active,1610612763,Grizzlies,MEM,2023,2025,2023,2,43
1641765,Olivier-Maxence Prosper,olivier-maxence-prosper,2002-07-03T00:00:00,Marquette,Canada,6-7,230.0,2,Forward,Active,1610612763,Grizzlies,MEM,2023,2025,2023,1,24
1641713,GG Jackson,gg-jackson,2004-12-17T00:00:00,South Carolina,USA,6-9,210.0,2,Forward,Active,1610612763,Grizzlies,MEM,2023,2025,2023,2,45
1642907,Cedric Coward,cedric-coward,2003-09-11T00:00:00,Washington State,USA,6-5,206.0,0,Guard,Active,1610612763,Grizzlies,MEM,2025,2025,2025,1,11
1629630,Ja Morant,ja-morant,1999-08-10T00:00:00,Murray State,USA,6-2,174.0,6,Guard,Active,1610612763,Grizzlies,MEM,2019,2025,2019,1,2
1642383,Walter Clayton Jr.,walter-clayton-jr,2003-03-06T00:00:00,Florida,USA,6-4,195.0,0,Guard,Active,1610612763,Grizzlies,MEM,2025,2025,2025,1,18
1628389,Bam Adebayo,bam-adebayo,1997-07-18T00:00:00,Kentucky,USA,6-9,255.0,8,Center-Forward,Active,1610612748,Heat,MIA,2017,2025,2017,1,14
1630558,Davion Mitchell,davion-mitchell,1998-09-05T00:00:00,Baylor,USA,6-0,202.0,4,Guard,Active,1610612748,Heat,MIA,2021,2025,2021,1,9
203952,Andrew Wiggins,andrew-wiggins,1995-02-23T00:00:00,Kansas,Canada,6-6,197.0,11,Forward,Active,1610612748,Heat,MIA,2014,2025,2014,1,1
1631170,Jaime Jaquez Jr.,jaime-jaquez-jr,2001-02-18T00:00:00,UCLA,USA,6-6,225.0,2,Guard,Active,1610612748,Heat,MIA,2023,2025,2023,1,18
1626181,Norman Powell,norman-powell,1993-05-25T00:00:00,UCLA,USA,6-3,215.0,10,Guard,Active,1610612748,Heat,MIA,2015,2025,2015,2,46
1642276,Kel'el Ware,kelel-ware,2004-04-20T00:00:00,Indiana,USA,7-0,230.0,1,Center,Active,1610612748,Heat,MIA,2024,2025,2024,1,15
1629639,Tyler Herro,tyler-herro,2000-01-20T00:00:00,Kentucky,USA,6-5,195.0,6,Guard,Active,1610612748,Heat,MIA,2019,2025,2019,1,13
1641796,Pelle Larsson,pelle-larsson,2001-02-23T00:00:00,Arizona,Sweden,6-5,215.0,1,Guard,Active,1610612748,Heat,MIA,2024,2025,2024,2,44
1631323,Simone Fontecchio,simone-fontecchio,1995-12-09T00:00:00,Baskonia,Italy,6-7,209.0,3,Forward,Active,1610612748,Heat,MIA,2022,2025,Undrafted,Undrafted,Undrafted
1631107,Nikola Jović,nikola-jović,2003-06-09T00:00:00,Mega Basket,Serbia,6-10,205.0,3,Forward,Active,1610612748,Heat,MIA,2022,2025,2022,1,27
1631260,AJ Green,aj-green,1999-09-27T00:00:00,Northern Iowa,USA,6-4,190.0,3,Guard,Active,1610612749,Bucks,MIL,2022,2025,Undrafted,Undrafted,Undrafted
1626167,Myles Turner,myles-turner,1996-03-24T00:00:00,Texas,USA,6-11,250.0,10,Center-Forward,Active,1610612749,Bucks,MIL,2015,2025,2015,1,11
1628398,Kyle Kuzma,kyle-kuzma,1995-07-24T00:00:00,Utah,USA,6-8,221.0,8,Forward,Active,1610612749,Bucks,MIL,2017,2025,2017,1,27
1631157,Ryan Rollins,ryan-rollins,2002-07-03T00:00:00,Toledo,USA,6-3,180.0,3,Guard,Active,1610612749,Bucks,MIL,2022,2025,2022,2,44
1629018,Gary Trent Jr.,gary-trent-jr,1999-01-18T00:00:00,Duke,USA,6-5,204.0,7,Guard,Active,1610612749,Bucks,MIL,2018,2025,2018,2,37
1626171,Bobby Portis,bobby-portis,1995-02-10T00:00:00,Arkansas,USA,6-9,250.0,10,Forward,Active,1610612749,Bucks,MIL,2015,2025,2015,1,22
203507,Giannis Antetokounmpo,giannis-antetokounmpo,1994-12-06T00:00:00,Filathlitikos,Greece,6-11,243.0,12,Forward,Active,1610612749,Bucks,MIL,2013,2025,2013,1,15
1629645,Kevin Porter Jr.,kevin-porter-jr,2000-05-04T00:00:00,Southern California,USA,6-5,203.0,5,Guard-Forward,Active,1610612749,Bucks,MIL,2019,2025,2019,1,30
1627752,Taurean Prince,taurean-prince,1994-03-22T00:00:00,Baylor,USA,6-6,218.0,9,Forward,Active,1610612749,Bucks,MIL,2016,2025,2016,1,12
1630579,Jericho Sims,jericho-sims,1998-10-20T00:00:00,Texas,USA,6-10,250.0,4,Center,Active,1610612749,Bucks,MIL,2021,2025,2021,2,58
1630183,Jaden McDaniels,jaden-mcdaniels,2000-09-29T00:00:00,Washington,USA,6-9,185.0,5,Forward,Active,1610612750,Timberwolves,MIN,2020,2025,2020,1,28
203944,Julius Randle,julius-randle,1994-11-29T00:00:00,Kentucky,USA,6-9,250.0,11,Forward-Center,Active,1610612750,Timberwolves,MIN,2014,2025,2014,1,7
203497,Rudy Gobert,rudy-gobert,1992-06-26T00:00:00,Cholet,France,7-1,258.0,12,Center,Active,1610612750,Timberwolves,MIN,2013,2025,2013,1,27
1630162,Anthony Edwards,anthony-edwards,2001-08-05T00:00:00,Georgia,USA,6-4,225.0,5,Guard,Active,1610612750,Timberwolves,MIN,2020,2025,2020,1,1
1629675,Naz Reid,naz-reid,1999-08-26T00:00:00,Louisiana State,USA,6-9,264.0,6,Center-Forward,Active,1610612750,Timberwolves,MIN,2019,2025,Undrafted,Undrafted,Undrafted
1628978,Donte DiVincenzo,donte-divincenzo,1997-01-31T00:00:00,Villanova,USA,6-4,203.0,7,Guard,Active,1610612750,Timberwolves,MIN,2018,2025,2018,1,17
1630245,Ayo Dosunmu,ayo-dosunmu,2000-01-17T00:00:00,Illinois,USA,6-4,201.0,4,Guard,Active,1610612750,Timberwolves,MIN,2021,2025,2021,2,38
201144,Mike Conley,mike-conley,1987-10-11T00:00:00,Ohio State,USA,6-1,175.0,18,Guard,Active,1610612750,Timberwolves,MIN,2007,2025,2007,1,4
203937,Kyle Anderson,kyle-anderson,1993-09-20T00:00:00,UCLA,USA,6-8,230.0,11,Forward-Guard,Active,1610612750,Timberwolves,MIN,2014,2025,2014,1,30
1641763,Julian Phillips,julian-phillips,2003-11-05T00:00:00,Tennessee,USA,6-6,201.0,2,Forward,Active,1610612750,Timberwolves,MIN,2023,2025,2023,2,35
1630530,Trey Murphy III,trey-murphy-iii,2000-06-18T00:00:00,Virginia,USA,6-8,206.0,4,Forward,Active,1610612740,Pelicans,NOP,2021,2025,2021,1,17
1642274,Yves Missi,yves-missi,2004-05-14T00:00:00,Baylor,Cameroon,6-11,235.0,1,Center,Active,1610612740,Pelicans,NOP,2024,2025,2024,1,21
1629627,Zion Williamson,zion-williamson,2000-07-06T00:00:00,Duke,USA,6-6,284.0,6,Forward,Active,1610612740,Pelicans,NOP,2019,2025,2019,1,1
1629673,Jordan Poole,jordan-poole,1999-06-19T00:00:00,Michigan,USA,6-4,194.0,6,Guard,Active,1610612740,Pelicans,NOP,2019,2025,2019,1,28
1630180,Saddiq Bey,saddiq-bey,1999-04-09T00:00:00,Villanova,USA,6-8,215.0,5,Guard-Forward,Active,1610612740,Pelicans,NOP,2020,2025,2020,1,19
1642847,Jeremiah Fears,jeremiah-fears,2006-10-14T00:00:00,Oklahoma,USA,6-3,190.0,0,Guard,Active,1610612740,Pelicans,NOP,2025,2025,2025,1,7
1642852,Derik Queen,derik-queen,2004-12-27T00:00:00,Maryland,USA,6-9,250.0,0,Center,Active,1610612740,Pelicans,NOP,2025,2025,2025,1,13
1630529,Herbert Jones,herbert-jones,1998-10-06T00:00:00,Alabama,USA,6-7,206.0,4,Forward,Active,1610612740,Pelicans,NOP,2021,2025,2021,2,35
1641722,Jordan Hawkins,jordan-hawkins,2002-04-29T00:00:00,Connecticut,USA,6-5,190.0,2,Guard,Active,1610612740,Pelicans,NOP,2023,2025,2023,1,14
1631255,Karlo Matković,karlo-matković,2001-03-30T00:00:00,Mega Basket,Bosnia and Herzegovina,6-10,231.0,1,Forward-Center,Active,1610612740,Pelicans,NOP,2024,2025,2022,2,52
1628969,Mikal Bridges,mikal-bridges,1996-08-30T00:00:00,Villanova,USA,6-6,209.0,7,Guard-Forward,Active,1610612752,Knicks,NYK,2018,2025,2018,1,10
1628973,Jalen Brunson,jalen-brunson,1996-08-31T00:00:00,Villanova,USA,6-2,190.0,7,Guard,Active,1610612752,Knicks,NYK,2018,2025,2018,2,33
1626157,Karl-Anthony Towns,karl-anthony-towns,1995-11-15T00:00:00,Kentucky,USA,7-0,248.0,10,Center-Forward,Active,1610612752,Knicks,NYK,2015,2025,2015,1,1
1628384,OG Anunoby,og-anunoby,1997-07-17T00:00:00,Indiana,United Kingdom,6-7,240.0,8,Forward-Guard,Active,1610612752,Knicks,NYK,2017,2025,2017,1,23
1628404,Josh Hart,josh-hart,1995-03-06T00:00:00,Villanova,USA,6-5,215.0,8,Guard,Active,1610612752,Knicks,NYK,2017,2025,2017,1,30
1630631,Jose Alvarado,jose-alvarado,1998-04-12T00:00:00,Georgia Tech,USA,6-0,179.0,4,Guard,Active,1610612752,Knicks,NYK,2021,2025,Undrafted,Undrafted,Undrafted
1630540,Miles McBride,miles-mcbride,2000-09-08T00:00:00,West Virginia,USA,6-2,195.0,4,Guard,Active,1610612752,Knicks,NYK,2021,2025,2021,2,36
203903,Jordan Clarkson,jordan-clarkson,1992-06-07T00:00:00,Missouri,USA,6-5,194.0,11,Guard,Active,1610612752,Knicks,NYK,2014,2025,2014,2,46
1629013,Landry Shamet,landry-shamet,1997-03-13T00:00:00,Wichita State,USA,6-5,190.0,7,Guard,Active,1610612752,Knicks,NYK,2018,2025,2018,1,26
1631110,Jeremy Sochan,jeremy-sochan,2003-05-20T00:00:00,Baylor,Poland,6-8,230.0,3,Forward,Active,1610612752,Knicks,NYK,2022,2025,2022,1,9
1628983,Shai Gilgeous-Alexander,shai-gilgeous-alexander,1998-07-12T00:00:00,Kentucky,Canada,6-6,195.0,7,Guard,Active,1610612760,Thunder,OKC,2018,2025,2018,1,11
1641717,Cason Wallace,cason-wallace,2003-11-07T00:00:00,Kentucky,USA,6-3,195.0,2,Guard,Active,1610612760,Thunder,OKC,2023,2025,2023,1,10
1629652,Luguentz Dort,luguentz-dort,1999-04-19T00:00:00,Arizona State,Canada,6-4,220.0,6,Guard,Active,1610612760,Thunder,OKC,2019,2025,Undrafted,Undrafted,Undrafted
1630198,Isaiah Joe,isaiah-joe,1999-07-02T00:00:00,Arkansas,USA,6-4,165.0,5,Guard,Active,1610612760,Thunder,OKC,2020,2025,2020,2,49
1630598,Aaron Wiggins,aaron-wiggins,1999-01-02T00:00:00,Maryland,USA,6-5,190.0,4,Guard,Active,1610612760,Thunder,OKC,2021,2025,2021,2,55
1631096,Chet Holmgren,chet-holmgren,2002-05-01T00:00:00,Gonzaga,USA,7-1,208.0,2,Center-Forward,Active,1610612760,Thunder,OKC,2022,2025,2022,1,2
1631114,Jalen Williams,jalen-williams,2001-04-14T00:00:00,Santa Clara,USA,6-5,211.0,3,Guard-Forward,Active,1610612760,Thunder,OKC,2022,2025,2022,1,12
1628392,Isaiah Hartenstein,isaiah-hartenstein,1998-05-05T00:00:00,Zalgiris,Germany,7-0,250.0,7,Center-Forward,Active,1610612760,Thunder,OKC,2018,2025,2017,2,43
1631119,Jaylin Williams,jaylin-williams,2002-06-29T00:00:00,Arkansas,USA,6-9,240.0,3,Forward,Active,1610612760,Thunder,OKC,2022,2025,2022,2,34
1642349,Ajay Mitchell,ajay-mitchell,2002-06-25T00:00:00,California-Santa Barbara,Belgium,6-4,190.0,1,Guard,Active,1610612760,Thunder,OKC,2024,2025,2024,2,38
1630217,Desmond Bane,desmond-bane,1998-06-25T00:00:00,TCU,USA,6-6,215.0,5,Guard,Active,1610612753,Magic,ORL,2020,2025,2020,1,30
1628976,Wendell Carter Jr.,wendell-carter-jr,1999-04-16T00:00:00,Duke,USA,6-10,270.0,7,Center-Forward,Active,1610612753,Magic,ORL,2018,2025,2018,1,7
1631094,Paolo Banchero,paolo-banchero,2002-11-12T00:00:00,Duke,USA,6-10,250.0,3,Forward,Active,1610612753,Magic,ORL,2022,2025,2022,1,1
1641710,Anthony Black,anthony-black,2004-01-20T00:00:00,Arkansas,USA,6-7,200.0,2,Guard,Active,1610612753,Magic,ORL,2023,2025,2023,1,6
1641783,Tristan da Silva,tristan-da-silva,2001-05-15T00:00:00,Colorado,Germany,6-8,217.0,1,Forward,Active,1610612753,Magic,ORL,2024,2025,2024,1,18
1630532,Franz Wagner,franz-wagner,2001-08-27T00:00:00,Michigan,Germany,6-10,220.0,4,Forward,Active,1610612753,Magic,ORL,2021,2025,2021,1,8
1629048,Goga Bitadze,goga-bitadze,1999-07-20T00:00:00,Mega Basket,Georgia,6-11,250.0,6,Center-Forward,Active,1610612753,Magic,ORL,2019,2025,2019,1,18
1630591,Jalen Suggs,jalen-suggs,2001-06-03T00:00:00,Gonzaga,USA,6-5,205.0,4,Guard,Active,1610612753,Magic,ORL,2021,2025,2021,1,5
1628371,Jonathan Isaac,jonathan-isaac,1997-10-03T00:00:00,Florida State,USA,6-10,230.0,8,Forward,Active,1610612753,Magic,ORL,2017,2025,2017,1,6
1641724,Jett Howard,jett-howard,2003-09-14T00:00:00,Michigan,USA,6-8,215.0,2,Guard,Active,1610612753,Magic,ORL,2023,2025,2023,1,11
1630178,Tyrese Maxey,tyrese-maxey,2000-11-04T00:00:00,Kentucky,USA,6-2,200.0,5,Guard,Active,1610612755,76ers,PHI,2020,2025,2020,1,21
1629656,Quentin Grimes,quentin-grimes,2000-05-08T00:00:00,Houston,USA,6-5,207.0,4,Guard,Active,1610612755,76ers,PHI,2021,2025,2021,1,25
1626162,Kelly Oubre Jr.,kelly-oubre-jr,1995-12-09T00:00:00,Kansas,USA,6-8,210.0,10,Forward-Guard,Active,1610612755,76ers,PHI,2015,2025,2015,1,15
1642845,VJ Edgecombe,vj-edgecombe,2005-07-30T00:00:00,Baylor,USA,6-4,190.0,0,Guard,Active,1610612755,76ers,PHI,2025,2025,2025,1,3
1641737,Adem Bona,adem-bona,2003-03-28T00:00:00,UCLA,Nigeria,6-10,235.0,1,Forward,Active,1610612755,76ers,PHI,2024,2025,2024,2,41
1631230,Dominick Barlow,dominick-barlow,2003-05-26T00:00:00,Overtime Elite,USA,6-9,224.0,3,Forward,Active,1610612755,76ers,PHI,2022,2025,Undrafted,Undrafted,Undrafted
1642348,Justin Edwards,justin-edwards,2003-12-16T00:00:00,Kentucky,USA,6-7,217.0,1,Forward,Active,1610612755,76ers,PHI,2024,2025,Undrafted,Undrafted,Undrafted
202331,Paul George,paul-george,1990-05-02T00:00:00,Fresno State,USA,6-8,230.0,15,Forward,Active,1610612755,76ers,PHI,2010,2025,2010,1,10
203083,Andre Drummond,andre-drummond,1993-08-10T00:00:00,Connecticut,USA,6-11,279.0,13,Center,Active,1610612755,76ers,PHI,2012,2025,2012,1,9
1631213,Tyrese Martin,tyrese-martin,1999-03-07T00:00:00,Connecticut,USA,6-6,215.0,2,Forward,Active,1610612755,76ers,PHI,2022,2025,2022,2,51
1626164,Devin Booker,devin-booker,1996-10-30T00:00:00,Kentucky,USA,6-5,206.0,10,Guard,Active,1610612756,Suns,PHX,2015,2025,2015,1,13
1626220,Royce O'Neale,royce-oneale,1993-06-05T00:00:00,Baylor,USA,6-6,226.0,8,Forward,Active,1610612756,Suns,PHX,2017,2025,Undrafted,Undrafted,Undrafted
1628415,Dillon Brooks,dillon-brooks,1996-01-22T00:00:00,Oregon,Canada,6-7,225.0,8,Guard-Forward,Active,1610612756,Suns,PHX,2017,2025,2017,2,45
1642345,Oso Ighodaro,oso-ighodaro,2002-07-14T00:00:00,Marquette,USA,6-11,235.0,1,Forward,Active,1610612756,Suns,PHX,2024,2025,2024,2,40
1631221,Collin Gillespie,collin-gillespie,1999-06-25T00:00:00,Villanova,USA,6-1,195.0,2,Guard,Active,1610612756,Suns,PHX,2022,2025,Undrafted,Undrafted,Undrafted
1630224,Jalen Green,jalen-green,2002-02-09T00:00:00,NBA G League Ignite,USA,6-4,186.0,4,Guard,Active,1610612756,Suns,PHX,2021,2025,2021,1,2
1642346,Ryan Dunn,ryan-dunn,2003-01-07T00:00:00,Virginia,USA,6-7,216.0,1,Forward,Active,1610612756,Suns,PHX,2024,2025,2024,1,28
1628960,Grayson Allen,grayson-allen,1995-10-08T00:00:00,Duke,USA,6-3,198.0,7,Guard,Active,1610612756,Suns,PHX,2018,2025,2018,1,21
1631109,Mark Williams,mark-williams,2001-12-16T00:00:00,Duke,USA,7-1,240.0,3,Center,Active,1610612756,Suns,PHX,2022,2025,2022,1,15
1630692,Jordan Goodwin,jordan-goodwin,1998-10-23T00:00:00,St. Louis,USA,6-3,215.0,4,Guard,Active,1610612756,Suns,PHX,2021,2025,Undrafted,Undrafted,Undrafted
1641739,Toumani Camara,toumani-camara,2000-05-08T00:00:00,Dayton,Belgium,6-7,230.0,2,Forward,Active,1610612757,Trail Blazers,POR,2023,2025,2023,2,52
1630166,Deni Avdija,deni-avdija,2001-01-03T00:00:00,Maccabi Tel Aviv,Israel,6-8,228.0,5,Forward,Active,1610612757,Trail Blazers,POR,2020,2025,2020,1,9
1642270,Donovan Clingan,donovan-clingan,2004-02-23T00:00:00,Connecticut,USA,7-2,280.0,1,Center,Active,1610612757,Trail Blazers,POR,2024,2025,2024,1,7
1631101,Shaedon Sharpe,shaedon-sharpe,2003-05-30T00:00:00,Kentucky,Canada,6-5,210.0,3,Guard,Active,1610612757,Trail Blazers,POR,2022,2025,2022,1,7
201950,Jrue Holiday,jrue-holiday,1990-06-12T00:00:00,UCLA,USA,6-4,220.0,16,Guard,Active,1610612757,Trail Blazers,POR,2009,2025,2009,1,17
203924,Jerami Grant,jerami-grant,1994-03-12T00:00:00,Syracuse,USA,6-7,213.0,11,Forward,Active,1610612757,Trail Blazers,POR,2014,2025,2014,2,39
1630249,Vít Krejčí,vít-krejčí,2000-06-19T00:00:00,Zaragoza,Czech Republic,6-8,195.0,4,Guard,Active,1610612757,Trail Blazers,POR,2021,2025,2020,2,37
1631200,Kris Murray,kris-murray,2000-08-19T00:00:00,Iowa,USA,6-8,218.0,2,Forward,Active,1610612757,Trail Blazers,POR,2023,2025,2023,1,23
1630703,Scoot Henderson,scoot-henderson,2004-02-03T00:00:00,NBA G League Ignite,USA,6-3,207.0,2,Guard,Active,1610612757,Trail Blazers,POR,2021,2025,2023,1,3
1631321,Sidy Cissoko,sidy-cissoko,2004-04-02T00:00:00,NBA G League Ignite,France,6-6,220.0,2,Guard,Active,1610612757,Trail Blazers,POR,2022,2025,2023,2,44
201942,DeMar DeRozan,demar-derozan,1989-08-07T00:00:00,Southern California,USA,6-6,220.0,16,Guard-Forward,Active,1610612758,Kings,SAC,2009,2025,2009,1,9
201566,Russell Westbrook,russell-westbrook,1988-11-12T00:00:00,UCLA,USA,6-4,200.0,17,Guard,Active,1610612758,Kings,SAC,2008,2025,2008,1,4
203897,Zach LaVine,zach-lavine,1995-03-10T00:00:00,UCLA,USA,6-5,200.0,11,Guard,Active,1610612758,Kings,SAC,2014,2025,2014,1,13
1628370,Malik Monk,malik-monk,1998-02-04T00:00:00,Kentucky,USA,6-3,200.0,8,Guard,Active,1610612758,Kings,SAC,2017,2025,2017,1,11
1630173,Precious Achiuwa,precious-achiuwa,1999-09-19T00:00:00,Memphis,Nigeria,6-8,243.0,5,Forward,Active,1610612758,Kings,SAC,2020,2025,2020,1,20
1631099,Keegan Murray,keegan-murray,2000-08-19T00:00:00,Iowa,USA,6-8,225.0,3,Forward,Active,1610612758,Kings,SAC,2022,2025,2022,1,4
1629631,De'Andre Hunter,deandre-hunter,1997-12-02T00:00:00,Virginia,USA,6-7,221.0,6,Forward-Guard,Active,1610612758,Kings,SAC,2019,2025,2019,1,4
1627734,Domantas Sabonis,domantas-sabonis,1996-05-03T00:00:00,Gonzaga,Lithuania,6-10,240.0,9,Forward-Center,Active,1610612758,Kings,SAC,2016,2025,2016,1,11
1642875,Maxime Raynaud,maxime-raynaud,2003-04-07T00:00:00,Stanford,France,7-1,250.0,0,Center,Active,1610612758,Kings,SAC,2025,2025,2025,2,42
1642363,Nique Clifford,nique-clifford,2002-02-09T00:00:00,Colorado State,USA,6-5,175.0,0,Guard,Active,1610612758,Kings,SAC,2025,2025,2025,1,24
1630577,Julian Champagnie,julian-champagnie,2001-06-29T00:00:00,St. John's,USA,6-7,217.0,3,Forward,Active,1610612759,Spurs,SAS,2022,2025,Undrafted,Undrafted,Undrafted
1628368,De'Aaron Fox,deaaron-fox,1997-12-20T00:00:00,Kentucky,USA,6-3,185.0,8,Guard,Active,1610612759,Spurs,SAS,2017,2025,2017,1,5
203084,Harrison Barnes,harrison-barnes,1992-05-30T00:00:00,North Carolina,USA,6-7,225.0,13,Forward,Active,1610612759,Spurs,SAS,2012,2025,2012,1,7
1642264,Stephon Castle,stephon-castle,2004-11-01T00:00:00,Connecticut,USA,6-6,215.0,1,Guard,Active,1610612759,Spurs,SAS,2024,2025,2024,1,4
1630170,Devin Vassell,devin-vassell,2000-08-23T00:00:00,Florida State,USA,6-5,200.0,5,Guard-Forward,Active,1610612759,Spurs,SAS,2020,2025,2020,1,11
1629640,Keldon Johnson,keldon-johnson,1999-10-11T00:00:00,Kentucky,USA,6-6,220.0,6,Forward-Guard,Active,1610612759,Spurs,SAS,2019,2025,2019,1,29
1641705,Victor Wembanyama,victor-wembanyama,2004-01-04T00:00:00,Metropolitans 92,France,7-4,235.0,2,Forward-Center,Active,1610612759,Spurs,SAS,2023,2025,2023,1,1
1628436,Luke Kornet,luke-kornet,1995-07-15T00:00:00,Vanderbilt,USA,7-1,250.0,8,Center-Forward,Active,1610612759,Spurs,SAS,2017,2025,Undrafted,Undrafted,Undrafted
1642844,Dylan Harper,dylan-harper,2006-03-02T00:00:00,Rutgers,USA,6-5,215.0,0,Guard,Active,1610612759,Spurs,SAS,2025,2025,2025,1,2
203486,Mason Plumlee,mason-plumlee,1990-03-05T00:00:00,Duke,USA,7-0,254.0,12,Forward-Center,Active,1610612759,Spurs,SAS,2013,2025,2013,1,22
1630567,Scottie Barnes,scottie-barnes,2001-08-01T00:00:00,Florida State,USA,6-8,237.0,4,Forward-Guard,Active,1610612761,Raptors,TOR,2021,2025,2021,1,4
1642347,Jamal Shead,jamal-shead,2002-07-24T00:00:00,Houston,USA,6-1,200.0,1,Guard,Active,1610612761,Raptors,TOR,2024,2025,2024,2,45
1629628,RJ Barrett,rj-barrett,2000-06-14T00:00:00,Duke,Canada,6-6,214.0,6,Forward-Guard,Active,1610612761,Raptors,TOR,2019,2025,2019,1,3
1627742,Brandon Ingram,brandon-ingram,1997-09-02T00:00:00,Duke,USA,6-8,190.0,9,Forward,Active,1610612761,Raptors,TOR,2016,2025,2016,1,2
1630193,Immanuel Quickley,immanuel-quickley,1999-06-17T00:00:00,Kentucky,USA,6-2,190.0,5,Guard,Active,1610612761,Raptors,TOR,2020,2025,2020,1,25
1630572,Sandro Mamukelashvili,sandro-mamukelashvili,1999-05-23T00:00:00,Seton Hall,Georgia,6-9,240.0,4,Forward-Center,Active,1610612761,Raptors,TOR,2021,2025,2021,2,54
1642266,Ja'Kobe Walter,jakobe-walter,2004-09-04T00:00:00,Baylor,USA,6-4,180.0,1,Guard,Active,1610612761,Raptors,TOR,2024,2025,2024,1,19
1641711,Gradey Dick,gradey-dick,2003-11-20T00:00:00,Kansas,USA,6-7,200.0,2,Guard-Forward,Active,1610612761,Raptors,TOR,2023,2025,2023,1,13
1627751,Jakob Poeltl,jakob-poeltl,1995-10-15T00:00:00,Utah,Austria,7-0,253.0,9,Center,Active,1610612761,Raptors,TOR,2016,2025,2016,1,9
1642419,Jamison Battle,jamison-battle,2001-05-10T00:00:00,Ohio State,USA,6-7,220.0,1,Forward,Active,1610612761,Raptors,TOR,2024,2025,Undrafted,Undrafted,Undrafted
1641718,Keyonte George,keyonte-george,2003-11-08T00:00:00,Baylor,USA,6-4,185.0,2,Guard,Active,1610612762,Jazz,UTA,2023,2025,2023,1,16
1642271,Kyle Filipowski,kyle-filipowski,2003-11-07T00:00:00,Duke,USA,6-11,250.0,1,Center,Active,1610612762,Jazz,UTA,2024,2025,2024,2,32
1641729,Brice Sensabaugh,brice-sensabaugh,2003-10-30T00:00:00,Ohio State,USA,6-6,235.0,2,Forward,Active,1610612762,Jazz,UTA,2023,2025,2023,1,28
1628991,Jaren Jackson Jr.,jaren-jackson-jr,1999-09-15T00:00:00,Michigan State,USA,6-10,242.0,7,Forward-Center,Active,1610612762,Jazz,UTA,2018,2025,2018,1,4
1642268,Isaiah Collier,isaiah-collier,2004-10-08T00:00:00,Southern California,USA,6-4,210.0,1,Guard,Active,1610612762,Jazz,UTA,2024,2025,2024,1,29
1642262,Cody Williams,cody-williams,2004-11-20T00:00:00,Colorado,USA,6-8,190.0,1,Forward,Active,1610612762,Jazz,UTA,2024,2025,2024,1,10
1628374,Lauri Markkanen,lauri-markkanen,1997-05-22T00:00:00,Arizona,Finland,7-1,240.0,8,Forward-Center,Active,1610612762,Jazz,UTA,2017,2025,2017,1,7
1642846,Ace Bailey,ace-bailey,2006-08-13T00:00:00,Rutgers,USA,6-9,200.0,0,Forward,Active,1610612762,Jazz,UTA,2025,2025,2025,1,5
203994,Jusuf Nurkić,jusuf-nurkić,1994-08-23T00:00:00,Cedevita,Bosnia and Herzegovina,6-11,290.0,11,Center,Active,1610612762,Jazz,UTA,2014,2025,2014,1,16
1629004,Svi Mykhailiuk,svi-mykhailiuk,1997-06-10T00:00:00,Kansas,Ukraine,6-7,205.0,7,Guard-Forward,Active,1610612762,Jazz,UTA,2018,2025,2018,2,47
1642267,Bub Carrington,bub-carrington,2005-07-21T00:00:00,Pittsburgh,USA,6-4,190.0,1,Guard,Active,1610612764,Wizards,WAS,2024,2025,2024,1,14
1641731,Bilal Coulibaly,bilal-coulibaly,2004-07-26T00:00:00,Metropolitans 92,France,6-7,195.0,2,Guard,Active,1610612764,Wizards,WAS,2023,2025,2023,1,7
1642273,Kyshawn George,kyshawn-george,2003-12-12T00:00:00,Miami,Switzerland,6-8,200.0,1,Forward,Active,1610612764,Wizards,WAS,2024,2025,2024,1,24
1642259,Alex Sarr,alex-sarr,2005-04-26T00:00:00,Washington Wizards,France,7-0,205.0,1,Center,Active,1610612764,Wizards,WAS,2024,2025,2024,1,2
1630551,Justin Champagnie,justin-champagnie,2001-06-29T00:00:00,Pittsburgh,USA,6-6,206.0,4,Guard-Forward,Active,1610612764,Wizards,WAS,2021,2025,Undrafted,Undrafted,Undrafted
1629027,Trae Young,trae-young,1998-09-19T00:00:00,Oklahoma,USA,6-2,164.0,7,Guard,Active,1610612764,Wizards,WAS,2018,2025,2018,1,5
1630702,Jaden Hardy,jaden-hardy,2002-07-05T00:00:00,NBA G League Ignite,USA,6-3,198.0,3,Guard,Active,1610612764,Wizards,WAS,2021,2025,2022,2,37
203076,Anthony Davis,anthony-davis,1993-03-11T00:00:00,Kentucky,USA,6-10,253.0,13,Forward-Center,Active,1610612764,Wizards,WAS,2012,2025,2012,1,1
1642860,Will Riley,will-riley,2006-02-10T00:00:00,Illinois-Urbana-Champaign,USA,6-9,180.0,0,Forward,Active,1610612764,Wizards,WAS,2025,2025,2025,1,21
1626156,D'Angelo Russell,dangelo-russell,1996-02-23T00:00:00,Ohio State,USA,6-3,193.0,10,Guard,Active,1610612764,Wizards,WAS,2015,2025,2015,1,2
