TeamID,SEASON,LeagueID,PLAYER,NICKNAME,PLAYER_SLUG,NUM,POSITION,HEIGHT,WEIGHT,BIRTH_DATE,AGE,EXP,SCHOOL,PLAYER_ID,HOW_ACQUIRED,TEAM_ID,TEAM_ABBREVIATION,TEAM_NAME,current_games,current_minutes,previous_games,previous_minutes,selection_score,FROM_YEAR,TO_YEAR
1610612737,2025,0,Dyson Daniels,Dyson,dyson-daniels,5,G,6-7,199.0,"MAR 17, 2003",23.0,3,NBA G League Ignite,1630700,Traded from NOP on 07/06/24,1610612737,ATL,Atlanta Hawks,76.0,2523.0,76.0,2573.0,5616.1,2022,2025
1610612737,2025,0,Nickeil Alexander-Walker,Nickeil,nickeil-alexander-walker,7,G,6-5,205.0,"SEP 02, 1998",27.0,6,Virginia Tech,1629638,Traded from MIN on 07/06/25,1610612737,ATL,Atlanta Hawks,78.0,2603.0,82.0,2074.0,5408.8,2019,2025
1610612737,2025,0,Onyeka Okongwu,Onyeka,onyeka-okongwu,17,F-C,6-10,240.0,"DEC 11, 2000",25.0,5,Southern California,1630168,#6 Pick in 2020 Draft,1610612737,ATL,Atlanta Hawks,74.0,2300.0,74.0,2060.0,5000.0,2020,2025
1610612737,2025,0,CJ McCollum,CJ,cj-mccollum,3,G,6-3,190.0,"SEP 19, 1991",34.0,12,Lehigh,203468,Traded from WAS on 01/09/26,1610612737,ATL,Atlanta Hawks,76.0,2261.0,56.0,1834.0,4696.8,2013,2025
1610612737,2025,0,Jalen Johnson,Jalen,jalen-johnson,1,F,6-8,219.0,"DEC 18, 2001",24.0,4,Duke,1630552,#20 Pick in 2021 Draft,1610612737,ATL,Atlanta Hawks,72.0,2535.0,36.0,1285.0,4406.5,2021,2025
1610612737,2025,0,Zaccharie Risacher,Zaccharie,zaccharie-risacher,10,F,6-8,200.0,"APR 08, 2005",21.0,1,JL Bourg-en-Bresse,1642258,#1 Pick in 2024 Draft,1610612737,ATL,Atlanta Hawks,67.0,1500.0,75.0,1844.0,3985.8,2024,2025
1610612737,2025,0,Buddy Hield,Buddy,buddy-hield,8,G,6-4,220.0,"DEC 17, 1992",33.0,9,Oklahoma,1627741,Traded from GSW on 02/05/26,1610612737,ATL,Atlanta Hawks,51.0,820.0,82.0,1867.0,3210.8999999999996,2016,2025
1610612737,2025,0,Corey Kispert,Corey,corey-kispert,24,F,6-6,224.0,"MAR 03, 1999",27.0,4,Gonzaga,1630557,Traded from WAS on 01/09/26,1610612737,ATL,Atlanta Hawks,58.0,1082.0,61.0,1601.0,3209.7,2021,2025
1610612737,2025,0,Gabe Vincent,Gabe,gabe-vincent,4,G,6-2,200.0,"JUN 14, 1996",29.0,6,California-Santa Barbara,1629216,Traded from LAL on 02/05/26,1610612737,ATL,Atlanta Hawks,53.0,877.0,72.0,1526.0,2979.2,2019,2025
1610612737,2025,0,Jock Landale,Jock,jock-landale,31,C,6-11,255.0,"OCT 25, 1995",30.0,4,St. Mary's,1629111,Traded from UTA on 02/05/26,1610612737,ATL,Atlanta Hawks,68.0,1509.0,42.0,499.0,2832.3,2021,2025
1610612751,2025,0,Michael Porter Jr.,Michael,michael-porter-jr,17,F,6-10,218.0,"JUN 29, 1998",27.0,6,Missouri,1629008,Traded from DEN on 07/08/25,1610612751,BKN,Brooklyn Nets,52.0,1690.0,77.0,2595.0,4565.5,2018,2025
1610612751,2025,0,Nic Claxton,Nic,nic-claxton,33,C,6-11,215.0,"APR 17, 1999",27.0,6,Georgia,1629651,#31 Pick in 2019 Draft,1610612751,BKN,Brooklyn Nets,69.0,1920.0,70.0,1885.0,4419.5,2019,2025
1610612751,2025,0,Terance Mann,Terance,terance-mann,14,G-F,6-6,215.0,"OCT 18, 1996",29.0,6,Florida State,1629611,Traded from ATL on 07/07/25,1610612751,BKN,Brooklyn Nets,63.0,1531.0,67.0,1415.0,3620.5,2019,2025
1610612751,2025,0,Noah Clowney,Noah,noah-clowney,21,F-C,6-10,210.0,"JUL 14, 2004",21.0,2,Alabama,1641730,#21 Pick in 2023 Draft,1610612751,BKN,Brooklyn Nets,66.0,1782.0,46.0,1045.0,3495.5,2023,2025
1610612751,2025,0,Jalen Wilson,Jalen,jalen-wilson,22,F,6-6,220.0,"NOV 04, 2000",25.0,2,Kansas,1630592,#51 Pick in 2023 Draft,1610612751,BKN,Brooklyn Nets,54.0,861.0,79.0,2032.0,3376.3999999999996,2023,2025
1610612751,2025,0,Ziaire Williams,Ziaire,ziaire-williams,1,F,6-9,185.0,"SEP 12, 2001",24.0,4,Stanford,1630533,Traded from MEM on 07/19/24,1610612751,BKN,Brooklyn Nets,56.0,1280.0,63.0,1544.0,3361.8,2021,2025
1610612751,2025,0,Ochai Agbaji,Ochai,ochai-agbaji,30,G,6-5,215.0,"APR 20, 2000",26.0,3,Kansas,1630534,Traded from TOR on 02/05/26,1610612751,BKN,Brooklyn Nets,62.0,976.0,64.0,1743.0,3264.1,2022,2025
1610612751,2025,0,Day'Ron Sharpe,Day'Ron,dayron-sharpe,20,C,6-10,265.0,"NOV 06, 2001",24.0,4,North Carolina,1630549,Draft Rights Traded from PHX on 08/06/21,1610612751,BKN,Brooklyn Nets,62.0,1159.0,50.0,906.0,2763.2,2021,2025
1610612751,2025,0,Drake Powell,Drake,drake-powell,4,G-F,6-5,195.0,"SEP 08, 2005",20.0,R,North Carolina,1642962,Draft Rights Traded from ATL on 07/07/25,1610612751,BKN,Brooklyn Nets,63.0,1319.0,0.0,0.0,1949.0,2025,2025
1610612751,2025,0,Josh Minott,Josh,josh-minott,0,F,6-8,205.0,"NOV 25, 2002",23.0,3,Memphis,1631169,Traded from BOS on 02/05/26,1610612751,BKN,Brooklyn Nets,49.0,832.0,46.0,278.0,1838.6,2022,2025
1610612738,2025,0,Derrick White,Derrick,derrick-white,9,G,6-4,190.0,"JUL 02, 1994",31.0,8,Colorado,1628401,Traded from SAS on 02/10/22,1610612738,BOS,Boston Celtics,77.0,2623.0,76.0,2571.0,5724.7,2017,2025
1610612738,2025,0,Payton Pritchard,Payton,payton-pritchard,11,G,6-1,195.0,"JAN 28, 1998",28.0,5,Oregon,1630202,#26 Pick in 2020 Draft,1610612738,BOS,Boston Celtics,79.0,2561.0,80.0,2275.0,5503.5,2020,2025
1610612738,2025,0,Jaylen Brown,Jaylen,jaylen-brown,7,G-F,6-6,223.0,"OCT 24, 1996",29.0,9,California,1627759,#3 Pick in 2016 Draft,1610612738,BOS,Boston Celtics,71.0,2442.0,63.0,2160.0,5105.0,2016,2025
1610612738,2025,0,Nikola Vučević,Nikola,nikola-vučević,4,C,6-9,265.0,"OCT 24, 1990",35.0,14,Southern California,202696,Traded from CHI on 02/05/26,1610612738,BOS,Boston Celtics,64.0,1819.0,73.0,2274.0,4561.8,2011,2025
1610612738,2025,0,Sam Hauser,Sam,sam-hauser,30,F,6-7,217.0,"DEC 08, 1997",28.0,4,Virginia,1630573,Signed on 08/13/21,1610612738,BOS,Boston Celtics,78.0,1933.0,71.0,1541.0,4288.7,2021,2025
1610612738,2025,0,Neemias Queta,Neemias,neemias-queta,88,C,7-0,248.0,"JUL 13, 1999",26.0,4,Utah State,1629674,Signed on 09/19/23,1610612738,BOS,Boston Celtics,76.0,1927.0,62.0,863.0,3725.1,2021,2025
1610612738,2025,0,Jayson Tatum,Jayson,jayson-tatum,0,F-G,6-8,210.0,"MAR 03, 1998",28.0,8,Duke,1628369,#3 Pick in 2017 Draft,1610612738,BOS,Boston Celtics,16.0,522.0,72.0,2623.0,3022.1,2017,2025
1610612738,2025,0,Baylor Scheierman,Baylor,baylor-scheierman,55,G,6-6,205.0,"SEP 26, 2000",25.0,1,Creighton,1631248,#30 Pick in 2024 Draft,1610612738,BOS,Boston Celtics,77.0,1434.0,31.0,385.0,2690.5,2024,2025
1610612738,2025,0,Jordan Walsh,Jordan,jordan-walsh,27,G,6-6,205.0,"MAR 03, 2004",22.0,2,Arkansas,1641775,Draft Rights Traded from SAC on 06/28/23,1610612738,BOS,Boston Celtics,68.0,1214.0,52.0,401.0,2538.7,2023,2025
1610612738,2025,0,Luka Garza,Luka,luka-garza,52,C,6-10,243.0,"DEC 27, 1998",27.0,4,Iowa,1630568,Signed on 07/07/25,1610612738,BOS,Boston Celtics,69.0,1113.0,39.0,221.0,2230.7,2021,2025
1610612766,2025,0,Miles Bridges,Miles,miles-bridges,0,F,6-7,225.0,"MAR 21, 1998",28.0,6,Michigan State,1628970,Draft Rights Traded from LAC on 06/21/18,1610612766,CHA,Charlotte Hornets,77.0,2386.0,64.0,2029.0,5024.3,2018,2025
1610612766,2025,0,LaMelo Ball,LaMelo,lamelo-ball,1,G,6-7,180.0,"AUG 22, 2001",24.0,5,Illawarra,1630163,#3 Pick in 2020 Draft,1610612766,CHA,Charlotte Hornets,72.0,2014.0,47.0,1505.0,4116.5,2020,2025
1610612766,2025,0,Moussa Diabaté,Moussa,moussa-diabaté,14,F,6-10,210.0,"JAN 21, 2002",24.0,3,Michigan,1631217,Signed on 07/31/24,1610612766,CHA,Charlotte Hornets,73.0,1899.0,71.0,1242.0,3995.4,2022,2025
1610612766,2025,0,Coby White,Coby,coby-white,3,G,6-4,210.0,"FEB 16, 2000",26.0,6,North Carolina,1629632,Traded from CHI on 02/04/26,1610612766,CHA,Charlotte Hornets,50.0,1249.0,74.0,2449.0,3981.3,2019,2025
1610612766,2025,0,Brandon Miller,Brandon,brandon-miller,24,F,6-7,200.0,"NOV 22, 2002",23.0,2,Alabama,1641706,#2 Pick in 2023 Draft,1610612766,CHA,Charlotte Hornets,65.0,1969.0,27.0,925.0,3455.5,2023,2025
1610612766,2025,0,Kon Knueppel,Kon,kon-knueppel,7,G-F,6-6,215.0,"AUG 03, 2005",20.0,R,Duke,1642851,#4 Pick in 2025 Draft,1610612766,CHA,Charlotte Hornets,81.0,2549.0,0.0,0.0,3359.0,2025,2025
1610612766,2025,0,Josh Green,Josh,josh-green,10,G,6-6,200.0,"NOV 16, 2000",25.0,5,Arizona,1630182,Traded from DAL on 07/06/24,1610612766,CHA,Charlotte Hornets,58.0,907.0,68.0,1890.0,3286.0,2020,2025
1610612766,2025,0,Sion James,Sion,sion-james,4,G,6-5,220.0,"DEC 04, 2002",23.0,R,Duke,1642883,#33 Pick in 2025 Draft,1610612766,CHA,Charlotte Hornets,82.0,1840.0,0.0,0.0,2660.0,2025,2025
1610612766,2025,0,Tidjane Salaün,Tidjane,tidjane-salaün,31,F,6-10,207.0,"AUG 10, 2005",20.0,1,Cholet,1642275,#6 Pick in 2024 Draft,1610612766,CHA,Charlotte Hornets,37.0,576.0,60.0,1246.0,2238.2,2024,2025
1610612766,2025,0,Ryan Kalkbrenner,Ryan,ryan-kalkbrenner,11,C,7-1,256.0,"JAN 17, 2002",24.0,R,Creighton,1641750,#34 Pick in 2025 Draft,1610612766,CHA,Charlotte Hornets,69.0,1480.0,0.0,0.0,2170.0,2025,2025
1610612741,2025,0,Matas Buzelis,Matas,matas-buzelis,14,F,6-8,196.0,"OCT 13, 2004",21.0,1,NBA G League Ignite,1641824,#11 Pick in 2024 Draft,1610612741,CHI,Chicago Bulls,77.0,2248.0,80.0,1514.0,4637.8,2024,2025
1610612741,2025,0,Josh Giddey,Josh,josh-giddey,3,G,6-7,214.0,"OCT 10, 2002",23.0,4,NBA Global Academy,1630581,Traded from OKC on 06/21/24,1610612741,CHI,Chicago Bulls,54.0,1733.0,70.0,2116.0,4244.2,2021,2025
1610612741,2025,0,Anfernee Simons,Anfernee,anfernee-simons,22,G,6-3,200.0,"JUN 08, 1999",26.0,7,Edgewater HS (FL),1629014,Traded from BOS on 02/05/26,1610612741,CHI,Chicago Bulls,55.0,1371.0,70.0,2290.0,4014.0,2018,2025
1610612741,2025,0,Collin Sexton,Collin,collin-sexton,2,G,6-3,190.0,"JAN 04, 1999",27.0,7,Alabama,1629012,Traded from CHA on 02/04/26,1610612741,CHI,Chicago Bulls,68.0,1613.0,63.0,1762.0,3967.4,2018,2025
1610612741,2025,0,Patrick Williams,Patrick,patrick-williams,44,F,6-6,235.0,"AUG 26, 2001",24.0,5,Florida State,1630172,#4 Pick in 2020 Draft,1610612741,CHI,Chicago Bulls,72.0,1476.0,63.0,1574.0,3738.8,2020,2025
1610612741,2025,0,Guerschon Yabusele,Guerschon,guerschon-yabusele,28,F,6-7,265.0,"DEC 17, 1995",30.0,3,"Rouen, France",1627824,Traded from NYK on 02/05/26,1610612741,CHI,Chicago Bulls,67.0,1004.0,70.0,1893.0,3489.1,2017,2025
1610612741,2025,0,Isaac Okoro,Isaac,isaac-okoro,35,F-G,6-4,225.0,"JAN 26, 2001",25.0,5,Auburn,1630171,Traded from CLE on 07/06/25,1610612741,CHI,Chicago Bulls,63.0,1697.0,55.0,1056.0,3451.2,2020,2025
1610612741,2025,0,Tre Jones,Tre,tre-jones,30,G,6-1,190.0,"JAN 08, 2000",26.0,5,Duke,1630200,Traded from SAS on 02/03/25,1610612741,CHI,Chicago Bulls,65.0,1753.0,46.0,904.0,3357.8,2020,2025
1610612741,2025,0,Jalen Smith,Jalen,jalen-smith,25,F-C,6-8,244.0,"MAR 16, 2000",26.0,5,Maryland,1630188,Signed on 07/08/24,1610612741,CHI,Chicago Bulls,53.0,1094.0,64.0,967.0,2748.9,2020,2025
1610612741,2025,0,Nick Richards,Nick,nick-richards,13,C,6-11,245.0,"NOV 29, 1997",28.0,5,Kentucky,1630208,Traded from PHX on 02/05/26,1610612741,CHI,Chicago Bulls,48.0,703.0,57.0,1256.0,2461.2,2020,2025
1610612739,2025,0,James Harden,James,james-harden,1,G,6-5,220.0,"AUG 26, 1989",36.0,16,Arizona State,201935,Traded from LAC on 02/04/26,1610612739,CLE,Cleveland Cavaliers,70.0,2443.0,79.0,2790.0,5649.0,2009,2025
1610612739,2025,0,Donovan Mitchell,Donovan,donovan-mitchell,45,G,6-2,215.0,"SEP 07, 1996",29.0,8,Louisville,1628378,Traded from UTA on 09/03/22,1610612739,CLE,Cleveland Cavaliers,70.0,2341.0,71.0,2230.0,5099.0,2017,2025
1610612739,2025,0,Evan Mobley,Evan,evan-mobley,4,C,6-11,215.0,"JUN 18, 2001",24.0,4,Southern California,1630596,#3 Pick in 2021 Draft,1610612739,CLE,Cleveland Cavaliers,65.0,2079.0,71.0,2170.0,4745.0,2021,2025
1610612739,2025,0,Dennis Schröder,Dennis,dennis-schröder,8,G,6-1,175.0,"SEP 15, 1993",32.0,12,Braunschweig,203471,Traded from SAC on 02/01/26,1610612739,CLE,Cleveland Cavaliers,70.0,1694.0,75.0,2108.0,4394.6,2013,2025
1610612739,2025,0,Jarrett Allen,Jarrett,jarrett-allen,31,C,6-9,243.0,"APR 21, 1998",28.0,8,Texas,1628386,Traded from BKN on 01/16/21,1610612739,CLE,Cleveland Cavaliers,56.0,1523.0,82.0,2295.0,4263.5,2017,2025
1610612739,2025,0,Keon Ellis,Keon,keon-ellis,14,G,6-4,175.0,"JAN 08, 2000",26.0,3,Alabama,1631165,Traded from SAC on 02/01/26,1610612739,CLE,Cleveland Cavaliers,72.0,1476.0,80.0,1948.0,4119.6,2022,2025
1610612739,2025,0,Sam Merrill,Sam,sam-merrill,5,G,6-4,205.0,"MAY 15, 1996",30.0,5,Utah State,1630241,Signed on 03/03/23,1610612739,CLE,Cleveland Cavaliers,52.0,1377.0,71.0,1406.0,3378.2,2020,2025
1610612739,2025,0,Dean Wade,Dean,dean-wade,32,F-C,6-9,228.0,"NOV 20, 1996",29.0,6,Kansas State,1629731,Signed on 07/01/19,1610612739,CLE,Cleveland Cavaliers,59.0,1321.0,59.0,1255.0,3202.5,2019,2025
1610612739,2025,0,Jaylon Tyson,Jaylon,jaylon-tyson,20,G-F,6-6,215.0,"DEC 02, 2002",23.0,1,California,1642281,#20 Pick in 2024 Draft,1610612739,CLE,Cleveland Cavaliers,66.0,1779.0,47.0,451.0,3083.7,2024,2025
1610612739,2025,0,Craig Porter Jr.,Craig,craig-porter-jr,9,G,6-1,180.0,"FEB 26, 2000",26.0,2,Wichita State,1641854,Signed on 07/03/23,1610612739,CLE,Cleveland Cavaliers,64.0,1147.0,51.0,513.0,2503.1,2023,2025
1610612742,2025,0,Max Christie,Max,max-christie,0,G,6-5,190.0,"FEB 10, 2003",23.0,3,Michigan State,1631108,Traded from LAL on 02/02/25,1610612742,DAL,Dallas Mavericks,77.0,2243.0,78.0,2125.0,5046.5,2022,2025
1610612742,2025,0,Naji Marshall,Naji,naji-marshall,13,F,6-6,220.0,"JAN 24, 1998",28.0,5,Xavier,1630230,Signed on 07/06/24,1610612742,DAL,Dallas Mavericks,74.0,2183.0,69.0,1917.0,4747.9,2020,2025
1610612742,2025,0,Klay Thompson,Klay,klay-thompson,31,G,6-5,220.0,"FEB 08, 1990",36.0,14,Washington State,202691,Traded from GSW on 07/06/24,1610612742,DAL,Dallas Mavericks,69.0,1494.0,72.0,1972.0,4068.4,2011,2025
1610612742,2025,0,P.J. Washington,P.J.,pj-washington,25,F,6-7,230.0,"AUG 23, 1998",27.0,6,Kentucky,1629023,Traded from CHA on 02/08/24,1610612742,DAL,Dallas Mavericks,56.0,1732.0,57.0,1833.0,3974.1,2019,2025
1610612742,2025,0,Cooper Flagg,Cooper,cooper-flagg,32,F,6-9,205.0,"DEC 21, 2006",19.0,R,Duke,1642843,#1 Pick in 2025 Draft,1610612742,DAL,Dallas Mavericks,70.0,2349.0,0.0,0.0,3049.0,2025,2025
1610612742,2025,0,Daniel Gafford,Daniel,daniel-gafford,21,F-C,6-10,265.0,"OCT 01, 1998",27.0,6,Arkansas,1629655,Traded from WAS on 02/08/24,1610612742,DAL,Dallas Mavericks,55.0,1192.0,57.0,1231.0,3002.7,2019,2025
1610612742,2025,0,Khris Middleton,Khris,khris-middleton,20,F,6-7,222.0,"AUG 12, 1991",34.0,13,Texas A&M,203114,Traded from WAS on 02/05/26,1610612742,DAL,Dallas Mavericks,63.0,1438.0,37.0,847.0,2919.9,2012,2025
1610612742,2025,0,Brandon Williams,Brandon,brandon-williams,10,G,6-1,190.0,"NOV 22, 1999",26.0,3,Arizona,1630314,Signed on 12/28/23,1610612742,DAL,Dallas Mavericks,66.0,1464.0,33.0,487.0,2695.9,2021,2025
1610612742,2025,0,Caleb Martin,Caleb,caleb-martin,16,F,6-5,205.0,"SEP 28, 1995",30.0,6,Nevada,1628997,Traded from PHI on 02/04/25,1610612742,DAL,Dallas Mavericks,58.0,859.0,45.0,1218.0,2606.6,2019,2025
1610612742,2025,0,Dwight Powell,Dwight,dwight-powell,7,F-C,6-10,240.0,"JUL 20, 1991",34.0,11,Stanford,203939,Traded from BOS on 12/18/14,1610612742,DAL,Dallas Mavericks,63.0,906.0,55.0,552.0,2307.4,2014,2025
1610612743,2025,0,Jamal Murray,Jamal,jamal-murray,27,G,6-4,215.0,"FEB 23, 1997",29.0,9,Kentucky,1627750,#7 Pick in 2016 Draft,1610612743,DEN,Denver Nuggets,75.0,2653.0,67.0,2421.0,5566.7,2016,2025
1610612743,2025,0,Nikola Jokić,Nikola,nikola-jokić,15,C,6-11,284.0,"FEB 19, 1995",31.0,10,Mega Basket,203999,#41 Pick in 2014 Draft,1610612743,DEN,Denver Nuggets,65.0,2265.0,70.0,2575.0,5207.5,2015,2025
1610612743,2025,0,Tim Hardaway Jr.,Tim,tim-hardaway-jr,10,G-F,6-5,205.0,"MAR 16, 1992",34.0,12,Michigan,203501,Signed on 07/10/25,1610612743,DEN,Denver Nuggets,80.0,2129.0,77.0,2152.0,4974.4,2013,2025
1610612743,2025,0,Christian Braun,Christian,christian-braun,0,G,6-6,220.0,"APR 17, 2001",25.0,3,Kansas,1631128,#21 Pick in 2022 Draft,1610612743,DEN,Denver Nuggets,44.0,1399.0,79.0,2676.0,4265.2,2022,2025
1610612743,2025,0,Cameron Johnson,Cameron,cameron-johnson,23,F,6-8,210.0,"MAR 03, 1996",30.0,6,North Carolina,1629661,Traded from BKN on 07/08/25,1610612743,DEN,Denver Nuggets,54.0,1648.0,57.0,1800.0,3847.0,2019,2025
1610612743,2025,0,Peyton Watson,Peyton,peyton-watson,8,G,6-8,200.0,"SEP 11, 2002",23.0,3,UCLA,1631212,Draft Rights Traded from OKC on 06/23/22,1610612743,DEN,Denver Nuggets,54.0,1596.0,68.0,1657.0,3771.9,2022,2025
1610612743,2025,0,Bruce Brown,Bruce,bruce-brown,11,G-F,6-4,202.0,"AUG 15, 1996",29.0,7,Miami,1628971,Signed on 07/09/25,1610612743,DEN,Denver Nuggets,82.0,1996.0,41.0,920.0,3747.0,2018,2025
1610612743,2025,0,Tyus Jones,Tyus,tyus-jones,5,G,6-0,196.0,"MAY 10, 1996",30.0,10,Duke,1626145,Signed on 03/05/26,1610612743,DEN,Denver Nuggets,67.0,981.0,81.0,2172.0,3738.4,2015,2025
1610612743,2025,0,Jonas Valančiūnas,Jonas,jonas-valančiūnas,17,C,6-11,265.0,"MAY 06, 1992",34.0,13,Lietuvos rytas Vilnius,202685,Traded from SAC on 07/13/25,1610612743,DEN,Denver Nuggets,65.0,871.0,81.0,1522.0,3153.3999999999996,2012,2025
1610612743,2025,0,Julian Strawther,Julian,julian-strawther,3,G,6-6,205.0,"APR 18, 2002",24.0,2,Gonzaga,1631124,Draft Rights Traded from IND on 06/23/23,1610612743,DEN,Denver Nuggets,57.0,861.0,65.0,1385.0,2855.5,2023,2025
1610612765,2025,0,Cade Cunningham,Cade,cade-cunningham,2,G,6-6,220.0,"SEP 25, 2001",24.0,4,Oklahoma State,1630595,#1 Pick in 2021 Draft,1610612765,DET,Detroit Pistons,64.0,2172.0,70.0,2452.0,5018.4,2021,2025
1610612765,2025,0,Duncan Robinson,Duncan,duncan-robinson,55,F,6-7,215.0,"APR 22, 1994",32.0,7,Michigan,1629130,Traded from MIA on 07/07/25,1610612765,DET,Detroit Pistons,77.0,2113.0,74.0,1787.0,4651.9,2018,2025
1610612765,2025,0,Jalen Duren,Jalen,jalen-duren,0,C,6-10,250.0,"NOV 18, 2003",22.0,3,Memphis,1631105,Draft Rights Traded from NYK on 07/06/22,1610612765,DET,Detroit Pistons,70.0,1978.0,78.0,2037.0,4649.9,2022,2025
1610612765,2025,0,Tobias Harris,Tobias,tobias-harris,12,F,6-8,226.0,"JUL 15, 1992",33.0,14,Tennessee,202699,Signed on 07/08/24,1610612765,DET,Detroit Pistons,63.0,1749.0,73.0,2307.0,4504.9,2011,2025
1610612765,2025,0,Ausar Thompson,Ausar,ausar-thompson,9,G-F,6-7,205.0,"JAN 30, 2003",23.0,2,Overtime Elite,1641709,#5 Pick in 2023 Draft,1610612765,DET,Detroit Pistons,73.0,1900.0,59.0,1329.0,3973.3,2023,2025
1610612765,2025,0,Kevin Huerter,Kevin,kevin-huerter,27,G-F,6-6,190.0,"AUG 27, 1998",27.0,7,Maryland,1628989,Traded from CHI on 02/03/26,1610612765,DET,Detroit Pistons,69.0,1550.0,69.0,1679.0,3898.3,2018,2025
1610612765,2025,0,Ronald Holland II,Ronald,ronald-holland-ii,5,F,6-8,206.0,"JUL 07, 2005",20.0,1,NBA G League Ignite,1641842,#5 Pick in 2024 Draft,1610612765,DET,Detroit Pistons,78.0,1542.0,81.0,1269.0,3777.3,2024,2025
1610612765,2025,0,Javonte Green,Javonte,javonte-green,31,G,6-5,205.0,"JUL 23, 1993",32.0,6,Radford,1629750,Signed on 08/14/25,1610612765,DET,Detroit Pistons,82.0,1445.0,68.0,1257.0,3620.9,2019,2025
1610612765,2025,0,Isaiah Stewart,Isaiah,isaiah-stewart,28,F-C,6-8,250.0,"MAY 22, 2001",25.0,5,Washington,1630191,Draft Rights Traded from HOU on 11/24/20,1610612765,DET,Detroit Pistons,58.0,1314.0,72.0,1433.0,3401.1,2020,2025
1610612765,2025,0,Caris LeVert,Caris,caris-levert,8,G,6-7,205.0,"AUG 25, 1994",31.0,9,Michigan,1627747,Signed on 07/07/25,1610612765,DET,Detroit Pistons,60.0,1154.0,64.0,1592.0,3316.3999999999996,2016,2025
1610612744,2025,0,Brandin Podziemski,Brandin,brandin-podziemski,2,G,6-4,205.0,"FEB 25, 2003",23.0,2,Santa Clara,1641764,#19 Pick in 2023 Draft,1610612744,GSW,Golden State Warriors,82.0,2334.0,64.0,1720.0,4806.0,2023,2025
1610612744,2025,0,Draymond Green,Draymond,draymond-green,23,F,6-6,230.0,"MAR 04, 1990",36.0,13,Michigan State,203110,#35 Pick in 2012 Draft,1610612744,GSW,Golden State Warriors,68.0,1870.0,68.0,1981.0,4412.7,2012,2025
1610612744,2025,0,Stephen Curry,Stephen,stephen-curry,30,G,6-2,185.0,"MAR 14, 1988",38.0,16,Davidson,201939,#7 Pick in 2009 Draft,1610612744,GSW,Golden State Warriors,43.0,1331.0,70.0,2249.0,3825.3,2009,2025
1610612744,2025,0,Moses Moody,Moses,moses-moody,4,G,6-5,211.0,"MAY 31, 2002",23.0,4,Arkansas,1630541,#14 Pick in 2021 Draft,1610612744,GSW,Golden State Warriors,60.0,1541.0,74.0,1652.0,3815.4,2021,2025
1610612744,2025,0,Jimmy Butler III,Jimmy,jimmy-butler-iii,10,F,6-6,230.0,"SEP 14, 1989",36.0,14,Marquette,202710,Traded from MIA on 02/06/25,1610612744,GSW,Golden State Warriors,38.0,1185.0,55.0,1747.0,3172.8999999999996,2011,2025
1610612744,2025,0,Gui Santos,Gui,gui-santos,15,F,6-7,185.0,"JUN 22, 2002",23.0,2,Minas,1630611,#55 Pick in 2022 Draft,1610612744,GSW,Golden State Warriors,68.0,1398.0,56.0,764.0,3004.8,2023,2025
1610612744,2025,0,Al Horford,Al,al-horford,20,C-F,6-8,240.0,"JUN 03, 1986",39.0,18,Florida,201143,Signed on 10/01/25,1610612744,GSW,Golden State Warriors,45.0,970.0,60.0,1660.0,3002.0,2007,2025
1610612744,2025,0,Gary Payton II,Gary,gary-payton-ii,0,G,6-2,195.0,"DEC 01, 1992",33.0,9,Oregon State,1627780,Traded from POR on 02/09/23,1610612744,GSW,Golden State Warriors,73.0,1142.0,62.0,923.0,2952.1,2016,2025
1610612744,2025,0,Quinten Post,Quinten,quinten-post,21,C,7-0,238.0,"MAR 21, 2000",26.0,1,Boston College,1642366,Draft Rights Traded from POR on 07/06/24,1610612744,GSW,Golden State Warriors,67.0,1161.0,42.0,687.0,2605.9,2024,2025
1610612744,2025,0,Pat Spencer,Pat,pat-spencer,61,G,6-2,205.0,"JUL 04, 1996",29.0,2,Northwestern,1630311,Signed on 07/23/22,1610612744,GSW,Golden State Warriors,66.0,1225.0,39.0,249.0,2332.3,2023,2025
1610612745,2025,0,Amen Thompson,Amen,amen-thompson,1,G-F,6-7,200.0,"JAN 30, 2003",23.0,2,Overtime Elite,1641708,#4 Pick in 2023 Draft,1610612745,HOU,Houston Rockets,79.0,2954.0,69.0,2224.0,5783.8,2023,2025
1610612745,2025,0,Kevin Durant,Kevin,kevin-durant,7,F,6-11,240.0,"SEP 29, 1988",37.0,18,Texas,201142,Traded from PHX on 07/06/25,1610612745,HOU,Houston Rockets,78.0,2841.0,62.0,2268.0,5642.6,2007,2025
1610612745,2025,0,Alperen Sengun,Alperen,alperen-sengun,28,C,6-11,243.0,"JUL 25, 2002",23.0,4,Besiktas,1630578,Draft Rights Traded from OKC on 07/30/21,1610612745,HOU,Houston Rockets,72.0,2401.0,76.0,2399.0,5332.3,2021,2025
1610612745,2025,0,Jabari Smith Jr.,Jabari,jabari-smith-jr,10,F,6-11,220.0,"MAY 13, 2003",23.0,3,Auburn,1631095,#3 Pick in 2022 Draft,1610612745,HOU,Houston Rockets,77.0,2705.0,57.0,1715.0,5074.5,2022,2025
1610612745,2025,0,Reed Sheppard,Reed,reed-sheppard,15,G,6-2,185.0,"JUN 24, 2004",21.0,1,Kentucky,1642263,#3 Pick in 2024 Draft,1610612745,HOU,Houston Rockets,82.0,2150.0,52.0,654.0,3791.8,2024,2025
1610612745,2025,0,Tari Eason,Tari,tari-eason,17,F,6-8,215.0,"MAY 10, 2001",25.0,3,Louisiana State,1631106,#17 Pick in 2022 Draft,1610612745,HOU,Houston Rockets,60.0,1553.0,57.0,1419.0,3545.3,2022,2025
1610612745,2025,0,Clint Capela,Clint,clint-capela,30,C,6-10,256.0,"MAY 18, 1994",32.0,11,Elan Chalon,203991,Traded from ATL on 07/06/25,1610612745,HOU,Houston Rockets,75.0,925.0,55.0,1182.0,2887.4,2014,2025
1610612745,2025,0,Josh Okogie,Josh,josh-okogie,20,G,6-4,213.0,"SEP 01, 1998",27.0,7,Georgia Tech,1629006,Signed on 07/22/25,1610612745,HOU,Houston Rockets,78.0,1360.0,40.0,627.0,2858.9,2018,2025
1610612745,2025,0,Dorian Finney-Smith,Dorian,dorian-finney-smith,2,F,6-7,220.0,"MAY 04, 1993",33.0,9,Florida,1627827,Signed on 07/06/25,1610612745,HOU,Houston Rockets,37.0,619.0,63.0,1819.0,2703.3,2016,2025
1610612745,2025,0,Aaron Holiday,Aaron,aaron-holiday,0,G,6-0,185.0,"SEP 30, 1996",29.0,7,UCLA,1628988,Signed on 07/10/23,1610612745,HOU,Houston Rockets,57.0,779.0,62.0,793.0,2338.1,2018,2025
1610612754,2025,0,Pascal Siakam,Pascal,pascal-siakam,43,F,6-8,245.0,"APR 02, 1994",32.0,9,New Mexico State,1627783,Traded from TOR on 01/17/24,1610612754,IND,Indiana Pacers,62.0,2058.0,78.0,2553.0,5011.1,2016,2025
1610612754,2025,0,Ivica Zubac,Ivica,ivica-zubac,40,C,7-0,240.0,"MAR 18, 1997",29.0,9,Mega Basket,1627826,Traded from LAC on 02/05/26,1610612754,IND,Indiana Pacers,48.0,1450.0,80.0,2623.0,4326.1,2016,2025
1610612754,2025,0,Andrew Nembhard,Andrew,andrew-nembhard,2,G-F,6-4,191.0,"JAN 16, 2000",26.0,3,Gonzaga,1629614,#31 Pick in 2022 Draft,1610612754,IND,Indiana Pacers,57.0,1786.0,65.0,1883.0,4129.1,2022,2025
1610612754,2025,0,Jarace Walker,Jarace,jarace-walker,5,F,6-7,235.0,"SEP 04, 2003",22.0,2,Houston,1641716,Draft Rights Traded from WAS on 06/23/23,1610612754,IND,Indiana Pacers,76.0,1956.0,75.0,1190.0,4074.0,2023,2025
1610612754,2025,0,Jay Huff,Jay,jay-huff,32,C,7-1,240.0,"AUG 25, 1997",28.0,4,Virginia,1630643,Traded from MEM on 07/06/25,1610612754,IND,Indiana Pacers,82.0,1723.0,64.0,750.0,3516.0,2021,2025
1610612754,2025,0,Ben Sheppard,Ben,ben-sheppard,26,G,6-6,190.0,"JUL 16, 2001",24.0,2,Belmont,1641767,#26 Pick in 2023 Draft,1610612754,IND,Indiana Pacers,65.0,1390.0,63.0,1231.0,3342.7,2023,2025
1610612754,2025,0,T.J. McConnell,T.J.,tj-mcconnell,9,G,6-1,190.0,"MAR 25, 1992",34.0,10,Arizona,204456,Signed on 07/29/19,1610612754,IND,Indiana Pacers,56.0,962.0,79.0,1417.0,3066.9,2015,2025
1610612754,2025,0,Aaron Nesmith,Aaron,aaron-nesmith,23,G-F,6-5,215.0,"OCT 16, 1999",26.0,5,Vanderbilt,1630174,Traded from BOS on 07/09/22,1610612754,IND,Indiana Pacers,45.0,1334.0,45.0,1123.0,2885.1,2020,2025
1610612754,2025,0,Obi Toppin,Obi,obi-toppin,1,F,6-9,220.0,"MAR 04, 1998",28.0,5,Dayton,1630167,Traded from NYK on 07/07/23,1610612754,IND,Indiana Pacers,24.0,425.0,79.0,1546.0,2300.2,2020,2025
1610612754,2025,0,Tyrese Haliburton,Tyrese,tyrese-haliburton,0,G,6-5,185.0,"FEB 29, 2000",26.0,5,Iowa State,1630169,Traded from SAC on 02/08/22,1610612754,IND,Indiana Pacers,0.0,0.0,73.0,2453.0,2228.1,2020,2025
1610612746,2025,0,Kris Dunn,Kris,kris-dunn,8,G,6-3,205.0,"MAR 18, 1994",32.0,9,Providence,1627739,Traded from UTA on 07/18/24,1610612746,LAC,Los Angeles Clippers,82.0,2231.0,74.0,1785.0,4818.5,2016,2025
1610612746,2025,0,Brook Lopez,Brook,brook-lopez,11,C,7-1,282.0,"APR 01, 1988",38.0,17,Stanford,201572,Signed on 07/06/25,1610612746,LAC,Los Angeles Clippers,75.0,1635.0,80.0,2546.0,4727.2,2008,2025
1610612746,2025,0,Bennedict Mathurin,Bennedict,bennedict-mathurin,9,G-F,6-5,210.0,"JUN 19, 2002",23.0,3,Arizona,1631097,Traded from IND on 02/05/26,1610612746,LAC,Los Angeles Clippers,54.0,1618.0,72.0,2150.0,4167.0,2022,2025
1610612746,2025,0,Darius Garland,Darius,darius-garland,10,G,6-1,192.0,"JAN 26, 2000",26.0,6,Vanderbilt,1629636,Traded from CLE on 02/04/26,1610612746,LAC,Los Angeles Clippers,45.0,1342.0,75.0,2300.0,3927.0,2019,2025
1610612746,2025,0,Kawhi Leonard,Kawhi,kawhi-leonard,2,F,6-6,225.0,"JUN 29, 1991",34.0,14,San Diego State,202695,Signed on 07/09/19,1610612746,LAC,Los Angeles Clippers,65.0,2087.0,37.0,1178.0,3820.6,2011,2025
1610612746,2025,0,Derrick Jones Jr.,Derrick,derrick-jones-jr,5,F,6-6,210.0,"FEB 15, 1997",29.0,9,UNLV,1627884,Signed on 07/09/24,1610612746,LAC,Los Angeles Clippers,50.0,1347.0,77.0,1874.0,3697.8,2016,2025
1610612746,2025,0,John Collins,John,john-collins,20,F-C,6-9,226.0,"SEP 23, 1997",28.0,8,Wake Forest,1628381,Traded from UTA on 07/07/25,1610612746,LAC,Los Angeles Clippers,69.0,1869.0,40.0,1220.0,3693.0,2017,2025
1610612746,2025,0,Nicolas Batum,Nicolas,nicolas-batum,33,G-F,6-7,230.0,"DEC 14, 1988",37.0,17,Le Mans,201587,Signed on 07/09/24,1610612746,LAC,Los Angeles Clippers,74.0,1292.0,78.0,1364.0,3532.8,2008,2025
1610612746,2025,0,Jordan Miller,Jordan,jordan-miller,22,G,6-5,194.0,"JAN 23, 2000",26.0,2,Miami,1641757,#48 Pick in 2023 Draft,1610612746,LAC,Los Angeles Clippers,60.0,1322.0,37.0,418.0,2473.6,2023,2025
1610612746,2025,0,Kobe Sanders,Kobe,kobe-sanders,4,G,6-8,207.0,"MAY 30, 2002",23.0,R,Nevada,1642920,Draft Rights Traded from NYK on 06/26/25,1610612746,LAC,Los Angeles Clippers,68.0,1353.0,0.0,0.0,2033.0,2025,2025
1610612747,2025,0,LeBron James,LeBron,lebron-james,23,F,6-9,250.0,"DEC 30, 1984",41.0,22,St. Vincent-St. Mary HS (OH),2544,Signed on 07/09/18,1610612747,LAL,Los Angeles Lakers,60.0,1988.0,70.0,2447.0,4790.9,2003,2025
1610612747,2025,0,Austin Reaves,Austin,austin-reaves,15,G,6-5,197.0,"MAY 29, 1998",27.0,4,Oklahoma,1630559,Signed on 08/03/21,1610612747,LAL,Los Angeles Lakers,51.0,1763.0,73.0,2551.0,4569.7,2021,2025
1610612747,2025,0,Luka Dončić,Luka,luka-dončić,77,F-G,6-8,230.0,"FEB 28, 1999",27.0,7,Real Madrid,1629029,Traded from DAL on 02/02/25,1610612747,LAL,Los Angeles Lakers,64.0,2293.0,50.0,1766.0,4519.2,2018,2025
1610612747,2025,0,Rui Hachimura,Rui,rui-hachimura,28,F,6-8,230.0,"FEB 08, 1998",28.0,6,Gonzaga,1629060,Traded from WAS on 01/23/23,1610612747,LAL,Los Angeles Lakers,68.0,1927.0,59.0,1866.0,4326.2,2019,2025
1610612747,2025,0,Jake LaRavia,Jake,jake-laravia,12,F,6-7,235.0,"NOV 03, 2001",24.0,3,Wake Forest,1631222,Signed on 07/06/25,1610612747,LAL,Los Angeles Lakers,82.0,2064.0,66.0,1350.0,4291.0,2022,2025
1610612747,2025,0,Luke Kennard,Luke,luke-kennard,10,G,6-5,206.0,"JUN 24, 1996",29.0,8,Duke,1628379,Traded from ATL on 02/05/26,1610612747,LAL,Los Angeles Lakers,78.0,1682.0,65.0,1471.0,3946.7,2017,2025
1610612747,2025,0,Deandre Ayton,Deandre,deandre-ayton,5,C,7-0,252.0,"JUL 23, 1998",27.0,7,Arizona,1629028,Signed on 07/06/25,1610612747,LAL,Los Angeles Lakers,72.0,1963.0,40.0,1210.0,3810.0,2018,2025
1610612747,2025,0,Marcus Smart,Marcus,marcus-smart,36,G,6-3,220.0,"MAR 06, 1994",32.0,11,Oklahoma State,203935,Signed on 07/22/25,1610612747,LAL,Los Angeles Lakers,62.0,1769.0,34.0,680.0,3103.0,2014,2025
1610612747,2025,0,Jaxson Hayes,Jaxson,jaxson-hayes,11,C-F,7-0,220.0,"MAY 23, 2000",26.0,6,Texas,1629637,Signed on 07/06/23,1610612747,LAL,Los Angeles Lakers,66.0,1209.0,56.0,1093.0,3026.1,2019,2025
1610612747,2025,0,Dalton Knecht,Dalton,dalton-knecht,4,F,6-6,215.0,"APR 19, 2001",25.0,1,Tennessee,1642261,#17 Pick in 2024 Draft,1610612747,LAL,Los Angeles Lakers,54.0,552.0,78.0,1492.0,2682.3999999999996,2024,2025
1610612763,2025,0,Jaylen Wells,Jaylen,jaylen-wells,0,F,6-7,206.0,"AUG 26, 2003",22.0,1,Washington State,1642377,#39 Pick in 2024 Draft,1610612763,MEM,Memphis Grizzlies,69.0,1819.0,79.0,2045.0,4493.5,2024,2025
1610612763,2025,0,Kentavious Caldwell-Pope,Kentavious,kentavious-caldwell-pope,3,G,6-5,204.0,"FEB 18, 1993",33.0,12,Georgia,203484,Traded from ORL on 06/15/25,1610612763,MEM,Memphis Grizzlies,51.0,1084.0,77.0,2278.0,3727.6,2013,2025
1610612763,2025,0,Santi Aldama,Santi,santi-aldama,7,F-C,7-0,215.0,"JAN 10, 2001",25.0,4,Loyola-Maryland,1630583,Draft Rights Traded from UTA on 08/07/21,1610612763,MEM,Memphis Grizzlies,43.0,1197.0,65.0,1658.0,3242.6,2021,2025
1610612763,2025,0,Cam Spencer,Cam,cam-spencer,24,G,6-3,205.0,"APR 06, 2000",26.0,1,Connecticut,1642285,Draft Rights Traded from DET on 07/06/24,1610612763,MEM,Memphis Grizzlies,72.0,1717.0,25.0,251.0,2787.7,2024,2025
1610612763,2025,0,Rayan Rupert,Rayan,rayan-rupert,21,G-F,6-7,205.0,"MAY 31, 2004",21.0,2,New Zealand Breakers,1641712,Signed on 02/22/26,1610612763,MEM,Memphis Grizzlies,64.0,1071.0,52.0,460.0,2397.0,2023,2025
1610612763,2025,0,Olivier-Maxence Prosper,Olivier-Maxence,olivier-maxence-prosper,18,F,6-7,230.0,"JUL 03, 2002",23.0,2,Marquette,1641765,Signed on 09/04/25,1610612763,MEM,Memphis Grizzlies,53.0,983.0,52.0,582.0,2284.4,2023,2025
1610612763,2025,0,GG Jackson,GG,gg-jackson,45,F,6-9,210.0,"DEC 17, 2004",21.0,2,South Carolina,1641713,#45 Pick in 2023 Draft,1610612763,MEM,Memphis Grizzlies,55.0,1178.0,29.0,459.0,2252.3,2023,2025
1610612763,2025,0,Cedric Coward,Cedric,cedric-coward,23,G,6-5,206.0,"SEP 11, 2003",22.0,R,Washington State,1642907,Draft Rights Traded from POR on 06/25/25,1610612763,MEM,Memphis Grizzlies,62.0,1602.0,0.0,0.0,2222.0,2025,2025
1610612763,2025,0,Ja Morant,Ja,ja-morant,12,G,6-2,174.0,"AUG 10, 1999",26.0,6,Murray State,1629630,#2 Pick in 2019 Draft,1610612763,MEM,Memphis Grizzlies,20.0,568.0,50.0,1515.0,2178.5,2019,2025
1610612763,2025,0,Walter Clayton Jr.,Walter,walter-clayton-jr,4,G,6-4,195.0,"MAR 06, 2003",23.0,R,Florida,1642383,Traded from UTA on 02/03/26,1610612763,MEM,Memphis Grizzlies,69.0,1411.0,0.0,0.0,2101.0,2025,2025
1610612748,2025,0,Bam Adebayo,Bam,bam-adebayo,13,C-F,6-9,255.0,"JUL 18, 1997",28.0,8,Kentucky,1628389,#14 Pick in 2017 Draft,1610612748,MIA,Miami Heat,73.0,2363.0,78.0,2679.0,5514.3,2017,2025
1610612748,2025,0,Davion Mitchell,Davion,davion-mitchell,45,G,6-0,202.0,"SEP 05, 1998",27.0,4,Baylor,1630558,Traded from TOR on 02/06/25,1610612748,MIA,Miami Heat,70.0,1999.0,74.0,2026.0,4635.2,2021,2025
1610612748,2025,0,Andrew Wiggins,Andrew,andrew-wiggins,22,F,6-6,197.0,"FEB 23, 1995",31.0,11,Kansas,203952,Traded from GSW on 02/06/25,1610612748,MIA,Miami Heat,68.0,2064.0,60.0,1841.0,4452.7,2014,2025
1610612748,2025,0,Jaime Jaquez Jr.,Jaime,jaime-jaquez-jr,11,G,6-6,225.0,"FEB 18, 2001",25.0,2,UCLA,1631170,#18 Pick in 2023 Draft,1610612748,MIA,Miami Heat,75.0,2123.0,66.0,1373.0,4296.1,2023,2025
1610612748,2025,0,Norman Powell,Norman,norman-powell,24,G,6-3,215.0,"MAY 25, 1993",33.0,10,UCLA,1626181,Traded from LAC on 07/07/25,1610612748,MIA,Miami Heat,58.0,1719.0,60.0,1959.0,4090.3,2015,2025
1610612748,2025,0,Kel'el Ware,Kel'el,kelel-ware,7,C,7-0,230.0,"APR 20, 2004",22.0,1,Indiana,1642276,#15 Pick in 2024 Draft,1610612748,MIA,Miami Heat,77.0,1708.0,64.0,1421.0,3920.7,2024,2025
1610612748,2025,0,Tyler Herro,Tyler,tyler-herro,14,G,6-5,195.0,"JAN 20, 2000",26.0,6,Kentucky,1629639,#13 Pick in 2019 Draft,1610612748,MIA,Miami Heat,33.0,1029.0,77.0,2726.0,3806.2,2019,2025
1610612748,2025,0,Pelle Larsson,Pelle,pelle-larsson,9,G,6-5,215.0,"FEB 23, 2001",25.0,1,Arizona,1641796,Draft Rights Traded from HOU on 06/27/24,1610612748,MIA,Miami Heat,70.0,1852.0,55.0,782.0,3484.4,2024,2025
1610612748,2025,0,Simone Fontecchio,Simone,simone-fontecchio,0,F,6-7,209.0,"DEC 09, 1995",30.0,3,Baskonia,1631323,Traded from DET on 07/07/25,1610612748,MIA,Miami Heat,70.0,1176.0,75.0,1238.0,3267.6,2022,2025
1610612748,2025,0,Nikola Jović,Nikola,nikola-jović,5,F,6-10,205.0,"JUN 09, 2003",22.0,3,Mega Basket,1631107,#27 Pick in 2022 Draft,1610612748,MIA,Miami Heat,47.0,810.0,46.0,1160.0,2414.0,2022,2025
1610612749,2025,0,AJ Green,AJ,aj-green,20,G,6-4,190.0,"SEP 27, 1999",26.0,3,Northern Iowa,1631260,Signed on 07/01/22,1610612749,MIL,Milwaukee Bucks,78.0,2272.0,73.0,1661.0,4725.7,2022,2025
1610612749,2025,0,Myles Turner,Myles,myles-turner,3,C-F,6-11,250.0,"MAR 24, 1996",30.0,10,Texas,1626167,Signed on 07/06/25,1610612749,MIL,Milwaukee Bucks,71.0,1910.0,72.0,2174.0,4645.8,2015,2025
1610612749,2025,0,Kyle Kuzma,Kyle,kyle-kuzma,18,F,6-8,221.0,"JUL 24, 1995",30.0,8,Utah,1628398,Traded from WAS on 02/06/25,1610612749,MIL,Milwaukee Bucks,69.0,1810.0,65.0,1936.0,4310.2,2017,2025
1610612749,2025,0,Ryan Rollins,Ryan,ryan-rollins,13,G,6-3,180.0,"JUL 03, 2002",23.0,3,Toledo,1631157,Signed on 02/20/24,1610612749,MIL,Milwaukee Bucks,74.0,2375.0,56.0,817.0,4078.9,2022,2025
1610612749,2025,0,Gary Trent Jr.,Gary,gary-trent-jr,5,G,6-5,204.0,"JAN 18, 1999",27.0,7,Duke,1629018,Signed on 07/20/24,1610612749,MIL,Milwaukee Bucks,65.0,1376.0,74.0,1892.0,3868.4,2018,2025
1610612749,2025,0,Bobby Portis,Bobby,bobby-portis,9,F,6-9,250.0,"FEB 10, 1995",31.0,10,Arkansas,1626171,Signed on 11/24/20,1610612749,MIL,Milwaukee Bucks,67.0,1617.0,49.0,1243.0,3500.1,2015,2025
1610612749,2025,0,Giannis Antetokounmpo,Giannis,giannis-antetokounmpo,34,F,6-11,243.0,"DEC 06, 1994",31.0,12,Filathlitikos,203507,#15 Pick in 2013 Draft,1610612749,MIL,Milwaukee Bucks,36.0,1039.0,67.0,2291.0,3471.7,2013,2025
1610612749,2025,0,Kevin Porter Jr.,Kevin,kevin-porter-jr,7,G-F,6-5,203.0,"MAY 04, 2000",26.0,5,Southern California,1629645,Traded from LAC on 02/06/25,1610612749,MIL,Milwaukee Bucks,38.0,1261.0,75.0,1482.0,3203.3999999999996,2019,2025
1610612749,2025,0,Taurean Prince,Taurean,taurean-prince,12,F,6-6,218.0,"MAR 22, 1994",32.0,9,Baylor,1627752,Signed on 07/09/24,1610612749,MIL,Milwaukee Bucks,26.0,613.0,80.0,2169.0,2951.3,2016,2025
1610612749,2025,0,Jericho Sims,Jericho,jericho-sims,0,C,6-10,250.0,"OCT 20, 1998",27.0,4,Texas,1630579,Traded from NYK on 02/06/25,1610612749,MIL,Milwaukee Bucks,67.0,1319.0,53.0,631.0,2801.7,2021,2025
1610612750,2025,0,Jaden McDaniels,Jaden,jaden-mcdaniels,3,F,6-9,185.0,"SEP 29, 2000",25.0,5,Washington,1630183,Draft Rights Traded from OKC on 11/20/20,1610612750,MIN,Minnesota Timberwolves,73.0,2317.0,82.0,2619.0,5454.3,2020,2025
1610612750,2025,0,Julius Randle,Julius,julius-randle,30,F-C,6-9,250.0,"NOV 29, 1994",31.0,11,Kentucky,203944,Traded from NYK on 10/02/24,1610612750,MIN,Minnesota Timberwolves,79.0,2612.0,69.0,2227.0,5443.9,2014,2025
1610612750,2025,0,Rudy Gobert,Rudy,rudy-gobert,27,C,7-1,258.0,"JUN 26, 1992",33.0,12,Cholet,203497,Traded from UTA on 07/06/22,1610612750,MIN,Minnesota Timberwolves,76.0,2378.0,72.0,2392.0,5316.4,2013,2025
1610612750,2025,0,Anthony Edwards,Anthony,anthony-edwards,5,G,6-4,225.0,"AUG 05, 2001",24.0,5,Georgia,1630162,#1 Pick in 2020 Draft,1610612750,MIN,Minnesota Timberwolves,61.0,2134.0,79.0,2868.0,5304.6,2020,2025
1610612750,2025,0,Naz Reid,Naz,naz-reid,11,C-F,6-9,264.0,"AUG 26, 1999",26.0,6,Louisiana State,1629675,Signed on 07/04/19,1610612750,MIN,Minnesota Timberwolves,77.0,2009.0,80.0,2205.0,4882.5,2019,2025
1610612750,2025,0,Donte DiVincenzo,Donte,donte-divincenzo,0,G,6-4,203.0,"JAN 31, 1997",29.0,7,Villanova,1628978,Traded from NYK on 10/02/24,1610612750,MIN,Minnesota Timberwolves,82.0,2497.0,62.0,1605.0,4874.5,2018,2025
1610612750,2025,0,Ayo Dosunmu,Ayo,ayo-dosunmu,13,G,6-4,201.0,"JAN 17, 2000",26.0,4,Illinois,1630245,Traded from CHI on 02/05/26,1610612750,MIN,Minnesota Timberwolves,69.0,1883.0,46.0,1393.0,3870.1,2021,2025
1610612750,2025,0,Mike Conley,Mike,mike-conley,10,G,6-1,175.0,"OCT 11, 1987",38.0,18,Ohio State,201144,Signed on 02/17/26,1610612750,MIN,Minnesota Timberwolves,54.0,993.0,71.0,1756.0,3259.2,2007,2025
1610612750,2025,0,Kyle Anderson,Kyle,kyle-anderson,12,F-G,6-8,230.0,"SEP 20, 1993",32.0,11,UCLA,203937,Signed on 03/01/26,1610612750,MIN,Minnesota Timberwolves,43.0,855.0,61.0,1005.0,2415.5,2014,2025
1610612750,2025,0,Julian Phillips,Julian,julian-phillips,4,F,6-6,201.0,"NOV 05, 2003",22.0,2,Tennessee,1641763,Traded from CHI on 02/05/26,1610612750,MIN,Minnesota Timberwolves,48.0,429.0,79.0,1125.0,2249.5,2023,2025
1610612740,2025,0,Trey Murphy III,Trey,trey-murphy-iii,25,F,6-8,206.0,"JUN 18, 2000",25.0,4,Virginia,1630530,Draft Rights Traded from MEM on 08/07/21,1610612740,NOP,New Orleans Pelicans,66.0,2341.0,53.0,1856.0,4671.2,2021,2025
1610612740,2025,0,Yves Missi,Yves,yves-missi,21,C,6-11,235.0,"MAY 14, 2004",22.0,1,Baylor,1642274,#21 Pick in 2024 Draft,1610612740,NOP,New Orleans Pelicans,66.0,1295.0,73.0,1960.0,3838.0,2024,2025
1610612740,2025,0,Zion Williamson,Zion,zion-williamson,1,F,6-6,284.0,"JUL 06, 2000",25.0,6,Duke,1629627,#1 Pick in 2019 Draft,1610612740,NOP,New Orleans Pelicans,62.0,1840.0,30.0,856.0,3269.2,2019,2025
1610612740,2025,0,Jordan Poole,Jordan,jordan-poole,3,G,6-4,194.0,"JUN 19, 1999",26.0,6,Michigan,1629673,Traded from WAS on 07/06/25,1610612740,NOP,New Orleans Pelicans,39.0,935.0,68.0,2004.0,3203.8,2019,2025
1610612740,2025,0,Saddiq Bey,Saddiq,saddiq-bey,41,G-F,6-8,215.0,"APR 09, 1999",27.0,5,Villanova,1630180,Traded from WAS on 07/06/25,1610612740,NOP,New Orleans Pelicans,72.0,2246.0,0.0,0.0,2966.0,2020,2025
1610612740,2025,0,Jeremiah Fears,Jeremiah,jeremiah-fears,0,G,6-3,190.0,"OCT 14, 2006",19.0,R,Oklahoma,1642847,#7 Pick in 2025 Draft,1610612740,NOP,New Orleans Pelicans,82.0,2110.0,0.0,0.0,2930.0,2025,2025
1610612740,2025,0,Derik Queen,Derik,derik-queen,22,C,6-9,250.0,"DEC 27, 2004",21.0,R,Maryland,1642852,Draft Rights Traded from ATL on 06/25/25,1610612740,NOP,New Orleans Pelicans,81.0,2028.0,0.0,0.0,2838.0,2025,2025
1610612740,2025,0,Herbert Jones,Herbert,herbert-jones,2,F,6-7,206.0,"OCT 06, 1998",27.0,4,Alabama,1630529,#35 Pick in 2021 Draft,1610612740,NOP,New Orleans Pelicans,56.0,1589.0,20.0,649.0,2743.3,2021,2025
1610612740,2025,0,Jordan Hawkins,Jordan,jordan-hawkins,24,G,6-5,190.0,"APR 29, 2002",24.0,2,Connecticut,1641722,#14 Pick in 2023 Draft,1610612740,NOP,New Orleans Pelicans,51.0,689.0,56.0,1323.0,2517.1,2023,2025
1610612740,2025,0,Karlo Matković,Karlo,karlo-matković,17,F-C,6-10,231.0,"MAR 30, 2001",25.0,1,Mega Basket,1631255,#52 Pick in 2022 Draft,1610612740,NOP,New Orleans Pelicans,62.0,910.0,42.0,792.0,2378.4,2024,2025
1610612752,2025,0,Mikal Bridges,Mikal,mikal-bridges,25,G-F,6-6,209.0,"AUG 30, 1996",29.0,7,Villanova,1628969,Traded from BKN on 07/06/24,1610612752,NYK,New York Knicks,82.0,2694.0,82.0,3040.0,6216.0,2018,2025
1610612752,2025,0,Jalen Brunson,Jalen,jalen-brunson,11,G,6-2,190.0,"AUG 31, 1996",29.0,7,Villanova,1628973,Signed on 07/12/22,1610612752,NYK,New York Knicks,74.0,2595.0,65.0,2301.0,5400.7,2018,2025
1610612752,2025,0,Karl-Anthony Towns,Karl-Anthony,karl-anthony-towns,32,C-F,7-0,248.0,"NOV 15, 1995",30.0,10,Kentucky,1626157,Traded from MIN on 10/02/24,1610612752,NYK,New York Knicks,75.0,2321.0,72.0,2518.0,5337.6,2015,2025
1610612752,2025,0,OG Anunoby,OG,og-anunoby,8,F-G,6-7,240.0,"JUL 17, 1997",28.0,8,Indiana,1628384,Traded from TOR on 12/30/23,1610612752,NYK,New York Knicks,67.0,2226.0,74.0,2706.0,5308.2,2017,2025
1610612752,2025,0,Josh Hart,Josh,josh-hart,3,G,6-5,215.0,"MAR 06, 1995",31.0,8,Villanova,1628404,Traded from POR on 02/09/23,1610612752,NYK,New York Knicks,66.0,1996.0,77.0,2896.0,5222.2,2017,2025
1610612752,2025,0,Jose Alvarado,Jose,jose-alvarado,5,G,6-0,179.0,"APR 12, 1998",28.0,4,Georgia Tech,1630631,Traded from NOP on 02/05/26,1610612752,NYK,New York Knicks,69.0,1371.0,56.0,1366.0,3409.2,2021,2025
1610612752,2025,0,Miles McBride,Miles,miles-mcbride,2,G,6-2,195.0,"SEP 08, 2000",25.0,4,West Virginia,1630540,Draft Rights Traded from OKC on 07/30/21,1610612752,NYK,New York Knicks,41.0,1080.0,64.0,1597.0,3055.8999999999996,2021,2025
1610612752,2025,0,Jordan Clarkson,Jordan,jordan-clarkson,0,G,6-5,194.0,"JUN 07, 1992",33.0,11,Missouri,203903,Signed on 07/07/25,1610612752,NYK,New York Knicks,72.0,1281.0,37.0,965.0,2935.5,2014,2025
1610612752,2025,0,Landry Shamet,Landry,landry-shamet,44,G,6-5,190.0,"MAR 13, 1997",29.0,7,Wichita State,1629013,Signed on 09/14/24,1610612752,NYK,New York Knicks,51.0,1173.0,50.0,761.0,2565.7,2018,2025
1610612752,2025,0,Jeremy Sochan,Jeremy,jeremy-sochan,20,F,6-8,230.0,"MAY 20, 2003",23.0,3,Baylor,1631110,Signed on 02/13/26,1610612752,NYK,New York Knicks,44.0,470.0,54.0,1364.0,2242.8,2022,2025
1610612760,2025,0,Shai Gilgeous-Alexander,Shai,shai-gilgeous-alexander,2,G,6-6,195.0,"JUL 12, 1998",27.0,7,Kentucky,1628983,Traded from LAC on 07/10/19,1610612760,OKC,Oklahoma City Thunder,68.0,2261.0,76.0,2596.0,5290.2,2018,2025
1610612760,2025,0,Cason Wallace,Cason,cason-wallace,22,G,6-3,195.0,"NOV 07, 2003",22.0,2,Kentucky,1641717,Draft Rights Traded from DAL on 07/06/23,1610612760,OKC,Oklahoma City Thunder,77.0,2047.0,68.0,1877.0,4606.9,2023,2025
1610612760,2025,0,Luguentz Dort,Luguentz,luguentz-dort,5,G,6-4,220.0,"APR 19, 1999",27.0,6,Arizona State,1629652,Signed on 07/06/19,1610612760,OKC,Oklahoma City Thunder,69.0,1850.0,71.0,2077.0,4490.9,2019,2025
1610612760,2025,0,Isaiah Joe,Isaiah,isaiah-joe,11,G,6-4,165.0,"JUL 02, 1999",26.0,5,Arkansas,1630198,Signed on 10/16/22,1610612760,OKC,Oklahoma City Thunder,71.0,1506.0,74.0,1606.0,3858.2,2020,2025
1610612760,2025,0,Aaron Wiggins,Aaron,aaron-wiggins,21,G,6-5,190.0,"JAN 02, 1999",27.0,4,Maryland,1630598,#55 Pick in 2021 Draft,1610612760,OKC,Oklahoma City Thunder,65.0,1417.0,76.0,1747.0,3821.9,2021,2025
1610612760,2025,0,Chet Holmgren,Chet,chet-holmgren,7,C-F,7-1,208.0,"MAY 01, 2002",24.0,2,Gonzaga,1631096,#2 Pick in 2022 Draft,1610612760,OKC,Oklahoma City Thunder,69.0,1997.0,32.0,878.0,3525.6,2022,2025
1610612760,2025,0,Jalen Williams,Jalen,jalen-williams,8,G-F,6-5,211.0,"APR 14, 2001",25.0,3,Santa Clara,1631114,#12 Pick in 2022 Draft,1610612760,OKC,Oklahoma City Thunder,33.0,937.0,69.0,2238.0,3316.6,2022,2025
1610612760,2025,0,Isaiah Hartenstein,Isaiah,isaiah-hartenstein,55,C-F,7-0,250.0,"MAY 05, 1998",28.0,7,Zalgiris,1628392,Signed on 07/06/24,1610612760,OKC,Oklahoma City Thunder,47.0,1142.0,57.0,1589.0,3123.3,2018,2025
1610612760,2025,0,Jaylin Williams,Jaylin,jaylin-williams,6,F,6-9,240.0,"JUN 29, 2002",23.0,3,Arkansas,1631119,#34 Pick in 2022 Draft,1610612760,OKC,Oklahoma City Thunder,65.0,1279.0,47.0,784.0,2806.8,2022,2025
1610612760,2025,0,Ajay Mitchell,Ajay,ajay-mitchell,25,G,6-4,190.0,"JUN 25, 2002",23.0,1,California-Santa Barbara,1642349,Draft Rights Traded from NYK on 06/27/24,1610612760,OKC,Oklahoma City Thunder,57.0,1471.0,36.0,599.0,2712.3,2024,2025
1610612753,2025,0,Desmond Bane,Desmond,desmond-bane,3,G,6-6,215.0,"JUN 25, 1998",27.0,5,TCU,1630217,Traded from MEM on 06/15/25,1610612753,ORL,Orlando Magic,82.0,2757.0,69.0,2203.0,5602.1,2020,2025
1610612753,2025,0,Wendell Carter Jr.,Wendell,wendell-carter-jr,34,C-F,6-10,270.0,"APR 16, 1999",27.0,7,Duke,1628976,Traded from CHI on 03/25/21,1610612753,ORL,Orlando Magic,78.0,2290.0,68.0,1760.0,4778.0,2018,2025
1610612753,2025,0,Paolo Banchero,Paolo,paolo-banchero,5,F,6-10,250.0,"NOV 12, 2002",23.0,3,Duke,1631094,#1 Pick in 2022 Draft,1610612753,ORL,Orlando Magic,72.0,2499.0,46.0,1581.0,4647.7,2022,2025
1610612753,2025,0,Anthony Black,Anthony,anthony-black,0,G,6-7,200.0,"JAN 20, 2004",22.0,2,Arkansas,1641710,#6 Pick in 2023 Draft,1610612753,ORL,Orlando Magic,64.0,1913.0,78.0,1882.0,4416.4,2023,2025
1610612753,2025,0,Tristan da Silva,Tristan,tristan-da-silva,23,F,6-8,217.0,"MAY 15, 2001",25.0,1,Colorado,1641783,#18 Pick in 2024 Draft,1610612753,ORL,Orlando Magic,77.0,1900.0,74.0,1631.0,4329.7,2024,2025
1610612753,2025,0,Franz Wagner,Franz,franz-wagner,22,F,6-10,220.0,"AUG 27, 2001",24.0,4,Michigan,1630532,#8 Pick in 2021 Draft,1610612753,ORL,Orlando Magic,34.0,1019.0,60.0,2024.0,3195.8,2021,2025
1610612753,2025,0,Goga Bitadze,Goga,goga-bitadze,35,C-F,6-11,250.0,"JUL 20, 1999",26.0,6,Mega Basket,1629048,Signed on 02/13/23,1610612753,ORL,Orlando Magic,64.0,970.0,70.0,1435.0,3104.5,2019,2025
1610612753,2025,0,Jalen Suggs,Jalen,jalen-suggs,4,G,6-5,205.0,"JUN 03, 2001",24.0,4,Gonzaga,1630591,#5 Pick in 2021 Draft,1610612753,ORL,Orlando Magic,57.0,1570.0,35.0,1004.0,3087.8,2021,2025
1610612753,2025,0,Jonathan Isaac,Jonathan,jonathan-isaac,1,F,6-10,230.0,"OCT 03, 1997",28.0,8,Florida State,1628371,#6 Pick in 2017 Draft,1610612753,ORL,Orlando Magic,52.0,520.0,71.0,1089.0,2299.3,2017,2025
1610612753,2025,0,Jett Howard,Jett,jett-howard,13,G,6-8,215.0,"SEP 14, 2003",22.0,2,Michigan,1641724,#11 Pick in 2023 Draft,1610612753,ORL,Orlando Magic,55.0,699.0,60.0,699.0,2158.3,2023,2025
1610612755,2025,0,Tyrese Maxey,Tyrese,tyrese-maxey,0,G,6-2,200.0,"NOV 04, 2000",25.0,5,Kentucky,1630178,#21 Pick in 2020 Draft,1610612755,PHI,Philadelphia 76ers,70.0,2663.0,52.0,1963.0,5101.1,2020,2025
1610612755,2025,0,Quentin Grimes,Quentin,quentin-grimes,5,G,6-5,207.0,"MAY 08, 2000",26.0,4,Houston,1629656,Traded from DAL on 02/04/25,1610612755,PHI,Philadelphia 76ers,75.0,2212.0,75.0,2015.0,4897.5,2021,2025
1610612755,2025,0,Kelly Oubre Jr.,Kelly,kelly-oubre-jr,9,F-G,6-8,210.0,"DEC 09, 1995",30.0,10,Kansas,1626162,Signed on 09/26/23,1610612755,PHI,Philadelphia 76ers,50.0,1575.0,60.0,2083.0,3953.1,2015,2025
1610612755,2025,0,VJ Edgecombe,VJ,vj-edgecombe,77,G,6-4,190.0,"JUL 30, 2005",20.0,R,Baylor,1642845,#3 Pick in 2025 Draft,1610612755,PHI,Philadelphia 76ers,75.0,2626.0,0.0,0.0,3376.0,2025,2025
1610612755,2025,0,Adem Bona,Adem,adem-bona,30,F,6-10,235.0,"MAR 28, 2003",23.0,1,UCLA,1641737,#41 Pick in 2024 Draft,1610612755,PHI,Philadelphia 76ers,71.0,1235.0,58.0,910.0,2988.0,2024,2025
1610612755,2025,0,Dominick Barlow,Dominick,dominick-barlow,25,F,6-9,224.0,"MAY 26, 2003",22.0,3,Overtime Elite,1631230,Signed on 07/09/25,1610612755,PHI,Philadelphia 76ers,71.0,1685.0,35.0,376.0,2903.2,2022,2025
1610612755,2025,0,Justin Edwards,Justin,justin-edwards,11,F,6-7,217.0,"DEC 16, 2003",22.0,1,Kentucky,1642348,Signed on 07/04/24,1610612755,PHI,Philadelphia 76ers,64.0,974.0,44.0,1150.0,2727.0,2024,2025
1610612755,2025,0,Paul George,Paul,paul-george,8,F,6-8,230.0,"MAY 02, 1990",36.0,15,Fresno State,202331,Signed on 07/06/24,1610612755,PHI,Philadelphia 76ers,37.0,1132.0,41.0,1335.0,2723.5,2010,2025
1610612755,2025,0,Andre Drummond,Andre,andre-drummond,1,C,6-11,279.0,"AUG 10, 1993",32.0,13,Connecticut,203083,Signed on 07/07/24,1610612755,PHI,Philadelphia 76ers,63.0,1235.0,40.0,749.0,2669.3,2012,2025
1610612755,2025,0,Tyrese Martin,Tyrese,tyrese-martin,23,F,6-6,215.0,"MAR 07, 1999",27.0,2,Connecticut,1631213,Signed on 02/19/26,1610612755,PHI,Philadelphia 76ers,46.0,775.0,60.0,1312.0,2573.4,2022,2025
1610612756,2025,0,Devin Booker,Devin,devin-booker,1,G,6-5,206.0,"OCT 30, 1996",29.0,10,Kentucky,1626164,#13 Pick in 2015 Draft,1610612756,PHX,Phoenix Suns,64.0,2148.0,75.0,2795.0,5269.5,2015,2025
1610612756,2025,0,Royce O'Neale,Royce,royce-oneale,0,F,6-6,226.0,"JUN 05, 1993",32.0,8,Baylor,1626220,Traded from BKN on 02/08/24,1610612756,PHX,Phoenix Suns,78.0,2213.0,75.0,1842.0,4807.4,2017,2025
1610612756,2025,0,Dillon Brooks,Dillon,dillon-brooks,3,G-F,6-7,225.0,"JAN 22, 1996",30.0,8,Oregon,1628415,Traded from HOU on 07/06/25,1610612756,PHX,Phoenix Suns,56.0,1702.0,75.0,2388.0,4458.6,2017,2025
1610612756,2025,0,Oso Ighodaro,Oso,oso-ighodaro,11,F,6-11,235.0,"JUL 14, 2002",23.0,1,Marquette,1642345,Draft Rights Traded from NYK on 06/27/24,1610612756,PHX,Phoenix Suns,82.0,1810.0,61.0,1042.0,3786.4,2024,2025
1610612756,2025,0,Collin Gillespie,Collin,collin-gillespie,12,G,6-1,195.0,"JUN 25, 1999",26.0,2,Villanova,1631221,Signed on 07/02/24,1610612756,PHX,Phoenix Suns,80.0,2278.0,33.0,460.0,3631.0,2022,2025
1610612756,2025,0,Jalen Green,Jalen,jalen-green,4,G,6-4,186.0,"FEB 09, 2002",24.0,4,NBA G League Ignite,1630224,Traded from HOU on 07/06/25,1610612756,PHX,Phoenix Suns,32.0,829.0,82.0,2698.0,3611.6,2021,2025
1610612756,2025,0,Ryan Dunn,Ryan,ryan-dunn,0,F,6-7,216.0,"JAN 07, 2003",23.0,1,Virginia,1642346,Draft Rights Traded from DEN on 06/26/24,1610612756,PHX,Phoenix Suns,70.0,1356.0,74.0,1408.0,3559.6,2024,2025
1610612756,2025,0,Grayson Allen,Grayson,grayson-allen,8,G,6-3,198.0,"OCT 08, 1995",30.0,7,Duke,1628960,Traded from MIL on 09/27/23,1610612756,PHX,Phoenix Suns,51.0,1469.0,64.0,1544.0,3507.8,2018,2025
1610612756,2025,0,Mark Williams,Mark,mark-williams,15,C,7-1,240.0,"DEC 16, 2001",24.0,3,Duke,1631109,Traded from CHA on 06/30/25,1610612756,PHX,Phoenix Suns,60.0,1415.0,44.0,1169.0,3141.3,2022,2025
1610612756,2025,0,Jordan Goodwin,Jordan,jordan-goodwin,23,G,6-3,215.0,"OCT 23, 1998",27.0,4,St. Louis,1630692,Awarded on Waivers on 07/23/25,1610612756,PHX,Phoenix Suns,70.0,1576.0,29.0,542.0,2858.4,2021,2025
1610612757,2025,0,Toumani Camara,Toumani,toumani-camara,33,F,6-7,230.0,"MAY 08, 2000",26.0,2,Dayton,1641739,Traded from PHX on 09/27/23,1610612757,POR,Portland Trail Blazers,82.0,2729.0,78.0,2550.0,5880.0,2023,2025
1610612757,2025,0,Deni Avdija,Deni,deni-avdija,8,F,6-8,228.0,"JAN 03, 2001",25.0,5,Maccabi Tel Aviv,1630166,Traded from WAS on 07/06/24,1610612757,POR,Portland Trail Blazers,66.0,2201.0,72.0,2161.0,4877.7,2020,2025
1610612757,2025,0,Donovan Clingan,Donovan,donovan-clingan,23,C,7-2,280.0,"FEB 23, 2004",22.0,1,Connecticut,1642270,#7 Pick in 2024 Draft,1610612757,POR,Portland Trail Blazers,77.0,2093.0,67.0,1326.0,4260.2,2024,2025
1610612757,2025,0,Shaedon Sharpe,Shaedon,shaedon-sharpe,17,G,6-5,210.0,"MAY 30, 2003",22.0,3,Kentucky,1631101,#7 Pick in 2022 Draft,1610612757,POR,Portland Trail Blazers,50.0,1471.0,72.0,2248.0,4048.6,2022,2025
1610612757,2025,0,Jrue Holiday,Jrue,jrue-holiday,5,G,6-4,220.0,"JUN 12, 1990",35.0,16,UCLA,201950,Traded from BOS on 07/07/25,1610612757,POR,Portland Trail Blazers,53.0,1558.0,62.0,1901.0,3852.7,2009,2025
1610612757,2025,0,Jerami Grant,Jerami,jerami-grant,9,F,6-7,213.0,"MAR 12, 1994",32.0,11,Syracuse,203924,Traded from DET on 07/06/22,1610612757,POR,Portland Trail Blazers,57.0,1697.0,47.0,1525.0,3663.5,2014,2025
1610612757,2025,0,Vít Krejčí,Vít,vít-krejčí,27,G,6-8,195.0,"JUN 19, 2000",25.0,4,Zaragoza,1630249,Traded from ATL on 02/01/26,1610612757,POR,Portland Trail Blazers,65.0,1389.0,57.0,1153.0,3245.1,2021,2025
1610612757,2025,0,Kris Murray,Kris,kris-murray,24,F,6-8,218.0,"AUG 19, 2000",25.0,2,Iowa,1631200,#23 Pick in 2023 Draft,1610612757,POR,Portland Trail Blazers,57.0,1337.0,69.0,1041.0,3118.7,2023,2025
1610612757,2025,0,Scoot Henderson,Scoot,scoot-henderson,0,G,6-3,207.0,"FEB 03, 2004",22.0,2,NBA G League Ignite,1630703,#3 Pick in 2023 Draft,1610612757,POR,Portland Trail Blazers,30.0,747.0,66.0,1760.0,2741.0,2023,2025
1610612757,2025,0,Sidy Cissoko,Sidy,sidy-cissoko,91,G,6-6,220.0,"APR 02, 2004",22.0,2,NBA G League Ignite,1631321,Signed on 02/08/25,1610612757,POR,Portland Trail Blazers,75.0,1434.0,22.0,114.0,2417.8,2023,2025
1610612758,2025,0,DeMar DeRozan,DeMar,demar-derozan,10,G-F,6-6,220.0,"AUG 07, 1989",36.0,16,Southern California,201942,Traded from CHI on 07/08/24,1610612758,SAC,Sacramento Kings,77.0,2411.0,77.0,2767.0,5656.9,2009,2025
1610612758,2025,0,Russell Westbrook,Russell,russell-westbrook,18,G,6-4,200.0,"NOV 12, 1988",37.0,17,UCLA,201566,Signed on 10/16/25,1610612758,SAC,Sacramento Kings,64.0,1853.0,75.0,2094.0,4483.8,2008,2025
1610612758,2025,0,Zach LaVine,Zach,zach-lavine,8,G,6-5,200.0,"MAR 10, 1995",31.0,11,UCLA,203897,Traded from CHI on 02/03/25,1610612758,SAC,Sacramento Kings,39.0,1226.0,74.0,2610.0,3961.0,2014,2025
1610612758,2025,0,Malik Monk,Malik,malik-monk,0,G,6-3,200.0,"FEB 04, 1998",28.0,8,Kentucky,1628370,Signed on 07/06/22,1610612758,SAC,Sacramento Kings,62.0,1363.0,65.0,2054.0,3875.8,2017,2025
1610612758,2025,0,Precious Achiuwa,Precious,precious-achiuwa,9,F,6-8,243.0,"SEP 19, 1999",26.0,5,Memphis,1630173,Signed on 11/04/25,1610612758,SAC,Sacramento Kings,73.0,1749.0,57.0,1168.0,3695.6,2020,2025
1610612758,2025,0,Keegan Murray,Keegan,keegan-murray,13,F,6-8,225.0,"AUG 19, 2000",25.0,3,Iowa,1631099,#4 Pick in 2022 Draft,1610612758,SAC,Sacramento Kings,23.0,795.0,76.0,2606.0,3381.2,2022,2025
1610612758,2025,0,De'Andre Hunter,De'Andre,deandre-hunter,15,F-G,6-7,221.0,"DEC 02, 1997",28.0,6,Virginia,1629631,Traded from CLE on 02/01/26,1610612758,SAC,Sacramento Kings,45.0,1177.0,64.0,1742.0,3294.3999999999996,2019,2025
1610612758,2025,0,Domantas Sabonis,Domantas,domantas-sabonis,11,F-C,6-10,240.0,"MAY 03, 1996",30.0,9,Gonzaga,1627734,Traded from IND on 02/08/22,1610612758,SAC,Sacramento Kings,19.0,565.0,70.0,2428.0,2944.6,2016,2025
1610612758,2025,0,Maxime Raynaud,Maxime,maxime-raynaud,42,C,7-1,250.0,"APR 07, 2003",23.0,R,Stanford,1642875,#42 Pick in 2025 Draft,1610612758,SAC,Sacramento Kings,74.0,1968.0,0.0,0.0,2708.0,2025,2025
1610612758,2025,0,Nique Clifford,Nique,nique-clifford,5,G,6-5,175.0,"FEB 09, 2002",24.0,R,Colorado State,1642363,Draft Rights Traded from OKC on 06/25/25,1610612758,SAC,Sacramento Kings,75.0,1882.0,0.0,0.0,2632.0,2025,2025
1610612759,2025,0,Julian Champagnie,Julian,julian-champagnie,30,F,6-7,217.0,"JUN 29, 2001",24.0,3,St. John's,1630577,Signed on 02/16/23,1610612759,SAS,San Antonio Spurs,82.0,2267.0,82.0,1933.0,5014.1,2022,2025
1610612759,2025,0,De'Aaron Fox,De'Aaron,deaaron-fox,4,G,6-3,185.0,"DEC 20, 1997",28.0,8,Kentucky,1628368,Traded from SAC on 02/03/25,1610612759,SAS,San Antonio Spurs,72.0,2232.0,62.0,2242.0,4955.4,2017,2025
1610612759,2025,0,Harrison Barnes,Harrison,harrison-barnes,40,F,6-7,225.0,"MAY 30, 1992",33.0,13,North Carolina,203084,Traded from SAC on 07/08/24,1610612759,SAS,San Antonio Spurs,77.0,1989.0,82.0,2230.0,4894.0,2012,2025
1610612759,2025,0,Stephon Castle,Stephon,stephon-castle,5,G,6-6,215.0,"NOV 01, 2004",21.0,1,Connecticut,1642264,#4 Pick in 2024 Draft,1610612759,SAS,San Antonio Spurs,68.0,2036.0,81.0,2162.0,4796.4,2024,2025
1610612759,2025,0,Devin Vassell,Devin,devin-vassell,24,G-F,6-5,200.0,"AUG 23, 2000",25.0,5,Florida State,1630170,#11 Pick in 2020 Draft,1610612759,SAS,San Antonio Spurs,67.0,2045.0,64.0,1984.0,4551.8,2020,2025
1610612759,2025,0,Keldon Johnson,Keldon,keldon-johnson,3,F-G,6-6,220.0,"OCT 11, 1999",26.0,6,Kentucky,1629640,#29 Pick in 2019 Draft,1610612759,SAS,San Antonio Spurs,82.0,1910.0,77.0,1831.0,4550.7,2019,2025
1610612759,2025,0,Victor Wembanyama,Victor,victor-wembanyama,1,F-C,7-4,235.0,"JAN 04, 2004",22.0,2,Metropolitans 92,1641705,#1 Pick in 2023 Draft,1610612759,SAS,San Antonio Spurs,64.0,1867.0,46.0,1526.0,3897.2,2023,2025
1610612759,2025,0,Luke Kornet,Luke,luke-kornet,7,C-F,7-1,250.0,"JUL 15, 1995",30.0,8,Vanderbilt,1628436,Signed on 07/07/25,1610612759,SAS,San Antonio Spurs,68.0,1428.0,73.0,1364.0,3573.8,2017,2025
1610612759,2025,0,Dylan Harper,Dylan,dylan-harper,2,G,6-5,215.0,"MAR 02, 2006",20.0,R,Rutgers,1642844,#2 Pick in 2025 Draft,1610612759,SAS,San Antonio Spurs,69.0,1559.0,0.0,0.0,2249.0,2025,2025
1610612759,2025,0,Mason Plumlee,Mason,mason-plumlee,45,F-C,7-0,254.0,"MAR 05, 1990",36.0,12,Duke,203486,Signed on 02/17/26,1610612759,SAS,San Antonio Spurs,20.0,172.0,74.0,1300.0,1800.0,2013,2025
1610612761,2025,0,Scottie Barnes,Scottie,scottie-barnes,4,F-G,6-8,237.0,"AUG 01, 2001",24.0,4,Florida State,1630567,#4 Pick in 2021 Draft,1610612761,TOR,Toronto Raptors,80.0,2681.0,65.0,2136.0,5431.2,2021,2025
1610612761,2025,0,Jamal Shead,Jamal,jamal-shead,23,G,6-1,200.0,"JUL 24, 2002",23.0,1,Houston,1642347,Draft Rights Traded from SAC on 06/28/24,1610612761,TOR,Toronto Raptors,82.0,1847.0,75.0,1464.0,4216.8,2024,2025
1610612761,2025,0,RJ Barrett,RJ,rj-barrett,9,F-G,6-6,214.0,"JUN 14, 2000",25.0,6,Duke,1629628,Traded from NYK on 12/30/23,1610612761,TOR,Toronto Raptors,57.0,1724.0,58.0,1868.0,4007.6,2019,2025
1610612761,2025,0,Brandon Ingram,Brandon,brandon-ingram,3,F,6-8,190.0,"SEP 02, 1997",28.0,9,Duke,1627742,Traded from NOP on 02/06/25,1610612761,TOR,Toronto Raptors,77.0,2602.0,18.0,594.0,3913.8,2016,2025
1610612761,2025,0,Immanuel Quickley,Immanuel,immanuel-quickley,5,G,6-2,190.0,"JUN 17, 1999",26.0,5,Kentucky,1630193,Traded from NYK on 12/30/23,1610612761,TOR,Toronto Raptors,70.0,2237.0,33.0,915.0,3808.5,2020,2025
1610612761,2025,0,Sandro Mamukelashvili,Sandro,sandro-mamukelashvili,54,F-C,6-9,240.0,"MAY 23, 1999",27.0,4,Seton Hall,1630572,Signed on 07/03/25,1610612761,TOR,Toronto Raptors,80.0,1752.0,61.0,681.0,3455.7,2021,2025
1610612761,2025,0,Ja'Kobe Walter,Ja'Kobe,jakobe-walter,14,G,6-4,180.0,"SEP 04, 2004",21.0,1,Baylor,1642266,#19 Pick in 2024 Draft,1610612761,TOR,Toronto Raptors,72.0,1471.0,52.0,1104.0,3327.8,2024,2025
1610612761,2025,0,Gradey Dick,Gradey,gradey-dick,1,G-F,6-7,200.0,"NOV 20, 2003",22.0,2,Kansas,1641711,#13 Pick in 2023 Draft,1610612761,TOR,Toronto Raptors,76.0,1067.0,54.0,1591.0,3318.7,2023,2025
1610612761,2025,0,Jakob Poeltl,Jakob,jakob-poeltl,19,C,7-0,253.0,"OCT 15, 1995",30.0,9,Utah,1627751,Traded from SAS on 02/09/23,1610612761,TOR,Toronto Raptors,46.0,1150.0,57.0,1687.0,3189.8999999999996,2016,2025
1610612761,2025,0,Jamison Battle,Jamison,jamison-battle,77,F,6-7,220.0,"MAY 10, 2001",25.0,1,Ohio State,1642419,Signed on 07/16/24,1610612761,TOR,Toronto Raptors,61.0,519.0,59.0,1040.0,2270.0,2024,2025
1610612762,2025,0,Keyonte George,Keyonte,keyonte-george,3,G,6-4,185.0,"NOV 08, 2003",22.0,2,Baylor,1641718,#16 Pick in 2023 Draft,1610612762,UTA,Utah Jazz,54.0,1786.0,67.0,2106.0,4269.2,2023,2025
1610612762,2025,0,Kyle Filipowski,Kyle,kyle-filipowski,22,C,6-11,250.0,"NOV 07, 2003",22.0,1,Duke,1642271,#32 Pick in 2024 Draft,1610612762,UTA,Utah Jazz,77.0,1802.0,72.0,1518.0,4138.6,2024,2025
1610612762,2025,0,Brice Sensabaugh,Brice,brice-sensabaugh,28,F,6-6,235.0,"OCT 30, 2003",22.0,2,Ohio State,1641729,#28 Pick in 2023 Draft,1610612762,UTA,Utah Jazz,75.0,1763.0,71.0,1435.0,4014.5,2023,2025
1610612762,2025,0,Jaren Jackson Jr.,Jaren,jaren-jackson-jr,20,F-C,6-10,242.0,"SEP 15, 1999",26.0,7,Michigan State,1628991,Traded from MEM on 02/03/26,1610612762,UTA,Utah Jazz,48.0,1455.0,74.0,2204.0,3995.8,2018,2025
1610612762,2025,0,Isaiah Collier,Isaiah,isaiah-collier,8,G,6-4,210.0,"OCT 08, 2004",21.0,1,Southern California,1642268,#29 Pick in 2024 Draft,1610612762,UTA,Utah Jazz,59.0,1518.0,71.0,1838.0,3891.6,2024,2025
1610612762,2025,0,Cody Williams,Cody,cody-williams,5,F,6-8,190.0,"NOV 20, 2004",21.0,1,Colorado,1642262,#10 Pick in 2024 Draft,1610612762,UTA,Utah Jazz,67.0,1629.0,50.0,1056.0,3388.2,2024,2025
1610612762,2025,0,Lauri Markkanen,Lauri,lauri-markkanen,23,F-C,7-1,240.0,"MAY 22, 1997",29.0,8,Arizona,1628374,Traded from CLE on 09/03/22,1610612762,UTA,Utah Jazz,42.0,1444.0,47.0,1475.0,3225.5,2017,2025
1610612762,2025,0,Ace Bailey,Ace,ace-bailey,19,F,6-9,200.0,"AUG 13, 2006",19.0,R,Rutgers,1642846,#5 Pick in 2025 Draft,1610612762,UTA,Utah Jazz,72.0,1984.0,0.0,0.0,2704.0,2025,2025
1610612762,2025,0,Jusuf Nurkić,Jusuf,jusuf-nurkić,30,C,6-11,290.0,"AUG 23, 1994",31.0,11,Cedevita,203994,Traded from CHA on 06/29/25,1610612762,UTA,Utah Jazz,41.0,1084.0,51.0,1062.0,2594.4,2014,2025
1610612762,2025,0,Svi Mykhailiuk,Svi,svi-mykhailiuk,10,G-F,6-7,205.0,"JUN 10, 1997",28.0,7,Kansas,1629004,Signed on 08/10/24,1610612762,UTA,Utah Jazz,50.0,1154.0,38.0,759.0,2451.3,2018,2025
1610612764,2025,0,Bub Carrington,Bub,bub-carrington,7,G,6-4,190.0,"JUL 21, 2005",20.0,1,Pittsburgh,1642267,Draft Rights Traded from POR on 07/06/24,1610612764,WAS,Washington Wizards,82.0,2272.0,82.0,2456.0,5385.2,2024,2025
1610612764,2025,0,Bilal Coulibaly,Bilal,bilal-coulibaly,0,G,6-7,195.0,"JUL 26, 2004",21.0,2,Metropolitans 92,1641731,Draft Rights Traded from IND on 06/23/23,1610612764,WAS,Washington Wizards,56.0,1469.0,59.0,1948.0,3805.6,2023,2025
1610612764,2025,0,Kyshawn George,Kyshawn,kyshawn-george,18,F,6-8,200.0,"DEC 12, 2003",22.0,1,Miami,1642273,Draft Rights Traded from NYK on 06/26/24,1610612764,WAS,Washington Wizards,48.0,1389.0,68.0,1802.0,3606.4,2024,2025
1610612764,2025,0,Alex Sarr,Alex,alex-sarr,20,C,7-0,205.0,"APR 26, 2005",21.0,1,Washington Wizards,1642259,#2 Pick in 2024 Draft,1610612764,WAS,Washington Wizards,48.0,1306.0,67.0,1816.0,3526.2,2024,2025
1610612764,2025,0,Justin Champagnie,Justin,justin-champagnie,9,G-F,6-6,206.0,"JUN 29, 2001",24.0,4,Pittsburgh,1630551,Signed on 02/22/24,1610612764,WAS,Washington Wizards,69.0,1377.0,62.0,1339.0,3438.3,2021,2025
1610612764,2025,0,Trae Young,Trae,trae-young,3,G,6-2,164.0,"SEP 19, 1998",27.0,7,Oklahoma,1629027,Traded from ATL on 01/09/26,1610612764,WAS,Washington Wizards,15.0,382.0,76.0,2738.0,2980.6,2018,2025
1610612764,2025,0,Jaden Hardy,Jaden,jaden-hardy,8,G,6-3,198.0,"JUL 05, 2002",23.0,3,NBA G League Ignite,1630702,Traded from DAL on 02/05/26,1610612764,WAS,Washington Wizards,57.0,900.0,57.0,906.0,2503.2,2022,2025
1610612764,2025,0,Anthony Davis,Anthony,anthony-davis,23,F-C,6-10,253.0,"MAR 11, 1993",33.0,13,Kentucky,203076,Traded from DAL on 02/05/26,1610612764,WAS,Washington Wizards,20.0,625.0,51.0,1704.0,2374.8,2012,2025
1610612764,2025,0,Will Riley,Will,will-riley,27,F,6-9,180.0,"FEB 10, 2006",20.0,R,Illinois-Urbana-Champaign,1642860,Draft Rights Traded from UTA on 06/25/25,1610612764,WAS,Washington Wizards,74.0,1631.0,0.0,0.0,2371.0,2025,2025
1610612764,2025,0,D'Angelo Russell,D'Angelo,dangelo-russell,5,G,6-3,193.0,"FEB 23, 1996",30.0,10,Ohio State,1626156,Traded from DAL on 02/05/26,1610612764,WAS,Washington Wizards,26.0,494.0,58.0,1479.0,2195.3,2015,2025
